channel,wp,vbias,signal_amp,sigma_analytic,SNR,BI,template
31,21,10.0,0.001585504,7.007622480159625e-05,22.62541961669922,nan,APsimfit10000led_npsclean
31,17,6.0,0.002113314,0.00010046664101537317,21.034982681274414,nan,APsimfit10000led_npsclean
31,19,8.0,0.001809979,8.112609793897718e-05,22.310686111450195,nan,APsimfit10000led_npsclean
31,23,20.0,0.00101821,4.2752431909320876e-05,23.816421508789062,nan,APsimfit10000led_npsclean
31,13,4.0,0.002568738,0.0001196714147226885,21.464927673339844,nan,APsimfit10000led_npsclean
31,15,5.0,0.002313303,0.00010827172081917524,21.365718841552734,nan,APsimfit10000led_npsclean
31,9,2.0,0.0034196770000000003,0.00017327901150565594,19.735092163085938,nan,APsimfit10000led_npsclean
31,11,3.0,0.002915397,0.0001416070736013353,20.587932586669922,nan,APsimfit10000led_npsclean
31,1,0.6,0.004763267,0.00020628143101930618,23.091108322143555,nan,APsimfit10000led_npsclean
31,3,1.0,0.004304359,0.00017095710791181773,25.178007125854492,nan,APsimfit10000led_npsclean
31,7,1.8,0.003555786,0.00017813527665566653,19.961156845092773,nan,APsimfit10000led_npsclean
31,5,1.4,0.003880032,0.00016479201440233737,23.545024871826172,nan,APsimfit10000led_npsclean
31,25,26.0,0.0008496350000000001,3.714914055308327e-05,22.870920181274414,nan,APsimfit10000led_npsclean
31,29,40.0,0.000618823,2.774705717456527e-05,22.30229377746582,nan,APsimfit10000led_npsclean
31,27,30.0,0.0007646230000000001,3.412245132494718e-05,22.4082088470459,nan,APsimfit10000led_npsclean
34,1,0.6,0.001562028,3.867391205858439e-05,40.38970947265625,nan,APsimfit10000led_npsclean
34,3,1.0,0.002058465,3.365476004546508e-05,61.16415786743164,nan,APsimfit10000led_npsclean
34,5,1.4,0.0023085469999999998,2.854041667887941e-05,80.8869400024414,nan,APsimfit10000led_npsclean
34,11,3.0,0.0024210790000000005,2.6656431145966053e-05,90.8253173828125,nan,APsimfit10000led_npsclean
34,7,1.8,0.0024120219999999998,2.6728010197984986e-05,90.24323272705078,nan,APsimfit10000led_npsclean
34,9,2.0,0.002440126,2.5073728465940803e-05,97.31803894042969,nan,APsimfit10000led_npsclean
34,13,4.0,0.002317061,1.9397766664042138e-05,119.44989013671875,nan,APsimfit10000led_npsclean
34,15,5.0,0.002204652,1.7790449419408105e-05,123.92333984375,nan,APsimfit10000led_npsclean
34,17,6.0,0.002072425,1.4690699572383892e-05,141.070556640625,nan,APsimfit10000led_npsclean
34,21,10.0,0.001688306,1.2547421647468582e-05,134.55401611328125,nan,APsimfit10000led_npsclean
34,19,8.0,0.0018584769999999999,1.242934558831621e-05,149.5233154296875,nan,APsimfit10000led_npsclean
34,25,26.0,0.000980923,8.47708997753216e-06,115.71458435058594,nan,APsimfit10000led_npsclean
34,23,20.0,0.0011531739999999999,9.117338777286932e-06,126.4814224243164,nan,APsimfit10000led_npsclean
34,27,30.0,0.0008928300000000001,8.886190698831342e-06,100.473876953125,nan,APsimfit10000led_npsclean
34,29,40.0,0.000737938,8.190912922145799e-06,90.09227752685547,nan,APsimfit10000led_npsclean
71,3,1.0,0.004887824000000001,0.00013874554133508354,35.22869110107422,nan,APsimfit10000led_npsclean
71,1,0.6,0.004321273,0.00015242415247485042,28.350317001342773,nan,APsimfit10000led_npsclean
71,5,1.4,0.005011591,0.0001433993165846914,34.9484977722168,nan,APsimfit10000led_npsclean
71,7,1.8,0.004993932,0.00015364713908638805,32.502601623535156,nan,APsimfit10000led_npsclean
71,9,2.0,0.00494817,0.00015350976900663227,32.23358154296875,nan,APsimfit10000led_npsclean
71,11,3.0,0.004643936,0.0001296185073442757,35.82772445678711,nan,APsimfit10000led_npsclean
71,13,4.0,0.004298046000000001,0.00010439966717967764,41.16915512084961,nan,APsimfit10000led_npsclean
71,17,6.0,0.003818313,9.955225687008351e-05,38.3548583984375,nan,APsimfit10000led_npsclean
71,19,8.0,0.0033632650000000003,8.564603194827214e-05,39.26935958862305,nan,APsimfit10000led_npsclean
71,15,5.0,0.004079936,0.00011163324234075844,36.54767990112305,nan,APsimfit10000led_npsclean
71,21,10.0,0.0030173459999999997,8.230554522015154e-05,36.66029739379883,nan,APsimfit10000led_npsclean
71,23,20.0,0.002002852,4.813056511920877e-05,41.612892150878906,nan,APsimfit10000led_npsclean
71,27,30.0,0.001507635,3.473936885711737e-05,43.39845657348633,nan,APsimfit10000led_npsclean
71,25,26.0,0.001679975,4.045665264129639e-05,41.52531051635742,nan,APsimfit10000led_npsclean
71,29,40.0,0.0012151240000000002,2.8576117983902805e-05,42.52236557006836,nan,APsimfit10000led_npsclean
83,1,0.6,0.0033347790000000004,8.301048364955932e-05,40.1729850769043,nan,APsimfit10000led_npsclean
83,3,1.0,0.003472437,6.83945618220605e-05,50.770660400390625,nan,APsimfit10000led_npsclean
83,5,1.4,0.003395297,5.70671254536137e-05,59.49654769897461,nan,APsimfit10000led_npsclean
83,7,1.8,0.0032488990000000004,5.062552372692153e-05,64.17512512207031,nan,APsimfit10000led_npsclean
83,9,2.0,0.0031705730000000003,4.707560219685547e-05,67.35066223144531,nan,APsimfit10000led_npsclean
83,13,4.0,0.002496163,3.187324182363227e-05,78.31531524658203,nan,APsimfit10000led_npsclean
83,11,3.0,0.002789885,3.6669112887466326e-05,76.08269500732422,nan,APsimfit10000led_npsclean
83,15,5.0,0.002248808,2.8019258024869487e-05,80.25936889648438,nan,APsimfit10000led_npsclean
83,17,6.0,0.002058808,2.6242705644108355e-05,78.45258331298828,nan,APsimfit10000led_npsclean
83,21,10.0,0.001586739,1.941468144650571e-05,81.72882080078125,nan,APsimfit10000led_npsclean
83,19,8.0,0.001788618,2.1729108993895352e-05,82.31437683105469,nan,APsimfit10000led_npsclean
83,23,20.0,0.001055093,1.4627768905484118e-05,72.12945556640625,nan,APsimfit10000led_npsclean
83,25,26.0,0.0008937270000000001,1.385552513966104e-05,64.5032958984375,nan,APsimfit10000led_npsclean
83,27,30.0,0.000813756,1.3130492334312294e-05,61.974525451660156,nan,APsimfit10000led_npsclean
83,29,40.0,0.000670369,1.1541617823240813e-05,58.082759857177734,nan,APsimfit10000led_npsclean
91,1,0.6,0.002080556,7.241459388751537e-05,28.731170654296875,nan,APsimfit10000led_npsclean
91,5,1.4,0.001870085,5.723529466195032e-05,32.67363357543945,nan,APsimfit10000led_npsclean
91,3,1.0,0.001998614,6.211977597558871e-05,32.17355728149414,nan,APsimfit10000led_npsclean
91,7,1.8,0.001754325,5.12332990183495e-05,34.24189376831055,nan,APsimfit10000led_npsclean
91,9,2.0,0.00169956,5.227583460509777e-05,32.51138687133789,nan,APsimfit10000led_npsclean
91,13,4.0,0.001322959,5.01216491102241e-05,26.394962310791016,nan,APsimfit10000led_npsclean
91,11,3.0,0.0014831010000000001,5.2088620577706024e-05,28.47264862060547,nan,APsimfit10000led_npsclean
91,15,5.0,0.001194072,4.792997060576454e-05,24.912843704223633,nan,APsimfit10000led_npsclean
91,19,8.0,0.000927844,4.735560287372209e-05,19.593120574951172,nan,APsimfit10000led_npsclean
91,17,6.0,0.001091107,4.562981484923512e-05,23.912151336669922,nan,APsimfit10000led_npsclean
91,25,26.0,0.00040550199999999997,3.1747233151691034e-05,12.77283000946045,nan,APsimfit10000led_npsclean
91,21,10.0,0.000809598,4.5092529035173357e-05,17.95414924621582,nan,APsimfit10000led_npsclean
91,29,40.0,0.000280232,2.584914727776777e-05,10.84105396270752,nan,APsimfit10000led_npsclean
91,27,30.0,0.00035906,2.9808355975546874e-05,12.045616149902344,nan,APsimfit10000led_npsclean
91,23,20.0,0.0005004920000000001,3.248040593462065e-05,15.40904426574707,nan,APsimfit10000led_npsclean
