channel,wp,vbias,signal_amp,sigma_analytic,SNR,beta_Hz,rho_t,lambda_mean,lambda_median,lambda_min,lambda_max,BI,J_final
31,1,0.6,0.004763267,0.00030184024944901466,15.780755043029785,1563.4572981651636,24672.53664258163,0.7966972589492798,0.03806145116686821,0.009147008880972862,1963.1300048828125,0.00012993304939186098,0.48925134539604187
31,3,1.0,0.004304359,0.0002542468428146094,16.92984390258789,1764.6266732657994,29874.85412473295,1.1402745246887207,0.043765850365161896,0.005681286565959454,34.118019104003906,0.00011154899478299451,0.42002782225608826
31,5,1.4,0.003880032,0.00023289688397198915,16.659870147705078,1920.635219428525,31997.533356788277,1.7611713409423828,1.1729000806808472,0.004313472658395767,30.625377655029297,0.0001043930788774357,0.393082857131958
31,7,1.8,0.003555786,0.00021487691265065223,16.54801368713379,2059.9465561098245,34088.02380526949,2.3649961948394775,1.7499245405197144,0.004962494596838951,36.88157272338867,9.612695968750878e-05,0.36195752024650574
34,27,30.0,0.0008928300000000001,1.0501011274755001e-05,85.02323913574219,858.038132519934,72953.181328828,554.7589111328125,0.9628608226776123,0.017458422109484673,234459.890625,7.031004383107647e-05,0.26474621891975403
34,29,40.0,0.000737938,9.796674021345098e-06,75.32536315917969,916.729855329701,69053.00927157198,324.5808410644531,1.7506780624389648,0.016876183450222015,271606.53125,6.910116724275018e-05,0.2601943016052246
31,19,8.0,0.001809979,9.805812442209572e-05,18.45822525024414,2518.390331451233,46485.01600596386,9.512979507446289,6.696919918060303,0.005192839074879885,282.4193420410156,6.93482027094337e-05,0.26112449169158936
31,17,6.0,0.002113314,0.00012186431558802724,17.341533660888672,2478.3984232701464,42979.22968223265,7.196363925933838,5.2000203132629395,0.004468292463570833,93.97115325927734,7.390518076887564e-05,0.27828338742256165
31,9,2.0,0.0034196770000000003,0.0002105345338350162,16.24283218383789,2144.4929893847598,34832.6397459935,2.5863492488861084,1.8544108867645264,0.00439963024109602,41.88792037963867,9.37071803324802e-05,0.35284605622291565
31,11,3.0,0.002915397,0.00017034972552210093,17.114187240600586,2225.0955611953445,38080.70206252637,3.3677287101745605,2.5179030895233154,0.005661315750330687,64.14610290527344,8.634142832885933e-05,0.3251109719276428
34,7,1.8,0.0024120219999999998,3.4627755667315796e-05,69.65574645996094,353.9632751243975,24655.57614820243,194.1932373046875,0.046206697821617126,0.013124283403158188,86985.609375,0.0001361782139469369,0.51276695728302
31,27,30.0,0.0007646230000000001,4.1113864426733926e-05,18.597692489624023,2926.285086458301,54422.15017492433,24.393461227416992,15.11577320098877,0.004235697910189629,189.68081665039062,5.773745267033593e-05,0.21740524470806122
31,25,26.0,0.0008496350000000001,4.492268635658547e-05,18.913270950317383,2897.3350908060006,54798.083606276305,20.940797805786133,12.992581367492676,0.004625337664037943,373.2905578613281,5.8170639317932646e-05,0.21903637051582336
34,9,2.0,0.002440126,2.9664797693840228e-05,82.2566146850586,323.44091406213505,26605.154641392193,257.5364990234375,0.05439678952097893,0.017639033496379852,167234.46875,0.00012995508408169973,0.4893343150615692
31,13,4.0,0.002568738,0.0001421061751898378,18.076189041137695,2257.260195226921,40802.66200395721,3.9279277324676514,2.9295270442962646,0.0035615586675703526,68.73587799072266,7.953813077879468e-05,0.2994937598705292
31,15,5.0,0.002313303,0.0001298463175771758,17.81570053100586,2358.002340164059,42009.46354377389,5.395169734954834,3.89467716217041,0.0027351516764611006,112.13860321044922,7.614709173857874e-05,0.28672510385513306
34,5,1.4,0.0023085469999999998,3.500017191981897e-05,65.95816802978516,316.7356221618394,20891.301387569147,106.86937713623047,0.1261962354183197,3.2937583682723925e-07,100564.703125,0.0001453827307415158,0.5474257469177246
34,3,1.0,0.002058465,4.043200897285715e-05,50.911766052246094,317.6681876347716,16173.048451102506,87.52771759033203,0.11237788945436478,5.589190621435591e-08,83200.375,0.00014538146438003083,0.5474209785461426
37,1,0.6,0.005924068,0.0005906336009502411,10.030021667480469,1119.5855174270816,11229.46699839096,26.862167358398438,0.5882490873336792,5.166613092910666e-08,13731.748046875,0.00014136714596118294,0.5323054194450378
37,3,1.0,0.005221188,0.0004138150834478438,12.61720085144043,987.3273290085704,12457.30721621734,85.98123931884766,0.5526348352432251,7.695823711628691e-08,25353.92578125,0.00014272047482114967,0.5374012589454651
34,25,26.0,0.000980923,1.0217117960564792e-05,96.00779724121094,778.2597664446496,74719.0058578101,296.2347412109375,0.11555509269237518,0.014360543340444565,85693.390625,6.375961096790592e-05,0.24008114635944366
34,23,20.0,0.0011531739999999999,1.0723270861490164e-05,107.53938293457031,698.8630176744479,75155.29767650182,668.8424682617188,1.050389051437378,0.020043184980750084,451150.40625,7.401662849431363e-05,0.2787030339241028
31,23,20.0,0.00101821,5.198911458137445e-05,19.585060119628906,2805.959854061136,54954.8924350525,15.430032730102539,9.785165786743164,0.005302042700350285,302.0916748046875,5.960593738239469e-05,0.22444085776805878
31,21,10.0,0.001585504,8.446811989415437e-05,18.770442962646484,2586.46235760439,48549.04415844536,10.422983169555664,7.107676029205322,0.003992025274783373,176.8382110595703,6.660358580398782e-05,0.2507898807525635
34,1,0.6,0.001562028,4.789804734173231e-05,32.611515045166016,355.32236735575106,11587.600728906082,65.57926177978516,0.17002594470977783,4.808185849469737e-08,16445.412109375,0.00014402316505123552,0.5423064231872559
31,29,40.0,0.000618823,3.3462867577327415e-05,18.492826461791992,2976.0950433382454,55036.40917025349,30.725008010864258,18.761394500732422,0.00329890800639987,344.9972229003906,5.645937338423482e-05,0.21259275078773499
37,5,1.4,0.004787576,0.0003390419587958604,14.120895385742188,1045.9150828347128,14769.257467078854,100.79167175292969,0.5088301301002502,6.240356498210531e-08,29816.9296875,0.00014250090356917176,0.5365744829177856
37,7,1.8,0.004544228000000001,0.00029190650093369186,15.567408561706543,1133.5706616190323,17646.757622987476,97.0520248413086,0.6138802766799927,6.665364793434492e-08,23248.5703125,0.00014311151141819457,0.5388736724853516
34,21,10.0,0.001688306,1.3504045455192681e-05,125.0222396850586,527.718216405722,65976.5133376478,137.69393920898438,0.0721440464258194,0.014954520389437675,191864.203125,7.447023917823539e-05,0.2804110646247864
34,19,8.0,0.0018584769999999999,1.4692903278046288e-05,126.48807525634766,480.97896079920235,60838.10299028939,250.1960906982422,0.06422349810600281,0.017491044476628304,651304.8125,7.90401262100649e-05,0.297618567943573
34,17,6.0,0.002072425,1.7040667444234714e-05,121.6164321899414,437.5547029416881,53213.841859697764,107.65834045410156,0.05869969725608826,0.014134257100522518,119658.84375,8.617677759153338e-05,0.3244909942150116
34,15,5.0,0.002204652,1.9705672457348555e-05,111.8790512084961,430.2968113147432,48141.19898793474,79.09391021728516,0.06226031482219696,0.013103791512548923,81414.9296875,9.088288554535092e-05,0.34221142530441284
34,13,4.0,0.002317061,2.2700782210449688e-05,102.06964874267578,409.9647865536574,41844.96176039786,131.5805206298828,0.06506666541099548,0.012703894637525082,95546.1171875,9.916857002022085e-05,0.3734104335308075
34,11,3.0,0.0024210790000000005,2.385022526141256e-05,101.51178741455078,346.3073604766355,35154.279156798424,218.27439880371094,0.07122928649187088,0.01627032272517681,203133.875,0.00011034332367217708,0.41548797488212585
37,11,3.0,0.0042018129999999996,0.0002158107963623479,19.469892501831055,1094.5412181616323,21310.59985643019,21.981571197509766,0.11672693490982056,0.017927328124642372,28257.873046875,0.0001343852835269761,0.5060158371925354
37,9,2.0,0.00445749,0.0002841203531716019,15.688738822937012,1084.4547673405052,17013.72761009411,77.13119506835938,0.43675726652145386,6.703140797981177e-08,18927.705078125,0.0001432248824301379,0.5393005609512329
40,9,2.0,0.031419458,0.0016683385474607348,18.83278465270996,12948.39776928097,243854.38678649854,6317.58203125,65.94441986083984,0.011778176762163639,151638.328125,2.5822335487850077e-05,0.09723170846700668
40,7,1.8,0.038734442,0.0018424034351482987,21.023866653442383,13940.52142702382,293083.6635612051,5074.94482421875,48.77962112426758,0.014951005578041077,133683.359375,2.1592698021448103e-05,0.08130538463592529
40,23,20.0,0.00189825,7.88160614320077e-05,24.084558486938477,1553.1613233042153,37407.20473077113,14.627846717834473,0.6066154837608337,0.011623862199485302,11711.205078125,8.674913340895036e-05,0.3266461491584778
40,25,26.0,0.001656598,6.832542567281052e-05,24.245702743530273,1631.9948731735,39568.86257393007,16.623157501220703,0.6427578926086426,0.01050733495503664,645.84814453125,8.038919692953836e-05,0.30269837379455566
37,15,5.0,0.003915091,0.00014955090591683984,26.178985595703125,1012.6420593497377,26509.94188531993,4.619996070861816,0.07748986780643463,0.010587225668132305,2914.90771484375,0.00011301471322475368,0.4255468547344208
37,13,4.0,0.004053878,0.00017749835387803614,22.838960647583008,1033.4035396717406,23601.86277563587,4.72240686416626,0.12498679757118225,0.01326492615044117,9464.6689453125,0.00012296658116445598,0.4630197286605835
37,19,8.0,0.003516254,9.958921145880595e-05,35.307579040527344,997.8683770239749,35232.31659381673,6.903646469116211,0.0821303129196167,0.012156055308878422,6653.9765625,9.418455903852328e-05,0.3546435832977295
37,17,6.0,0.0037884570000000003,0.00012976826110389084,29.19401741027832,1017.5912206352514,29707.575811771898,8.843489646911621,0.09601004421710968,0.011975773610174656,14318.0029296875,0.00010486370629381194,0.39485496282577515
37,23,20.0,0.0024268420000000002,4.386356158647686e-05,55.327064514160156,1046.3959584597628,57894.01670105975,121.94954681396484,0.9811128973960876,0.018547264859080315,43591.4453125,7.961258491935253e-05,0.2997741103172302
37,25,26.0,0.002107207,3.526240470819175e-05,59.75789260864258,1100.5610362975585,65767.20821632589,30.030935287475586,0.11631541699171066,0.017225299030542374,32909.98046875,6.543915454640487e-05,0.24640531837940216
37,27,30.0,0.00192488,3.18187776429113e-05,60.495094299316406,1143.7407058349972,69190.70185345487,38.59712219238281,0.12841077148914337,0.01432569045573473,24912.265625,6.296048542494484e-05,0.23707211017608643
37,21,10.0,0.0032802950000000003,8.009265002328902e-05,40.95625686645508,985.4971371108438,40362.27388866782,18.058271408081055,0.09057377278804779,0.013582661747932434,39529.1640625,8.716408840854293e-05,0.3282086253166199
41,13,4.0,0.001172135,0.00021041659056209028,5.570544719696045,3688.7587087259158,20548.395347125952,41.80626678466797,2.0720465183258057,1.9114803251341073e-07,5951.61376953125,0.0001400680965203664,0.5274139642715454
41,15,5.0,0.00116883,0.00019650206377264112,5.948181629180908,2237.648274907861,13309.938361375289,34.68381881713867,0.7827902436256409,4.981322732078297e-08,3150.49853515625,0.0001417464053964175,0.5337334871292114
40,1,0.6,0.060387586,0.0038621402345597744,15.635783195495605,3908.983557452606,61120.019419086086,2270.354248046875,301.6358337402344,2.8754916456819046e-06,532931.75,0.00013931763487484553,0.5245881676673889
37,29,40.0,0.001616876,2.70989603450289e-05,59.665611267089844,1264.9886617223674,75476.32174760298,34.865272521972656,0.20575127005577087,0.018293974921107292,35855.9453125,5.783424226158521e-05,0.21776969730854034
40,3,1.0,0.015368000000000001,0.0023032373283058405,6.672347545623779,6869.182031211657,45833.569866398066,12499.7529296875,542.3348999023438,1.3411192867351929e-06,3792303.75,0.00013871764863277803,0.5223289728164673
40,5,1.4,0.026456329,0.0019280698616057634,13.721664428710938,12039.262509462531,165198.7201240052,24884.380859375,2012.435546875,8.329784577654209e-06,3801609.75,0.0001405635762808855,0.5292796492576599
41,11,3.0,0.0011776660000000002,0.00021465402096509933,5.486345291137695,4733.1875574122805,25967.901267680394,96.27377319335938,5.9738006591796875,2.73578791620821e-07,19620.865234375,0.00013947539185683758,0.5251821875572205
41,9,2.0,0.0012094060000000001,0.00024228911206591874,4.991581916809082,3532.1280940675465,17630.906722200893,383.8172607421875,11.850086212158203,5.673827558894118e-07,59941.95703125,0.0001397818671657226,0.5263361930847168
41,19,8.0,0.001118979,0.0001698847336228937,6.586695194244385,2134.7204407948047,14060.752868438394,32.429203033447266,0.8165081739425659,1.0273273431948837e-07,3616.23828125,0.000141437524000711,0.5325704216957092
41,17,6.0,0.0011481570000000001,0.00019365632033441216,5.928838729858398,2331.4456127414396,13822.765045379892,36.07521438598633,0.9868937730789185,9.841118497888601e-08,2649.856689453125,0.00014123120205576976,0.5317935347557068
40,17,6.0,0.002232724,0.00014628280769102275,15.263065338134766,1902.3121836001687,29035.115151819195,52.23077392578125,0.3199080526828766,0.009018300101161003,22239.3984375,0.00012997170507619016,0.4893968999385834
40,15,5.0,0.0022027260000000003,0.00015439804701600224,14.266539573669434,1993.4355154659272,28439.426668952776,41.49888229370117,18.89006805419922,0.0067658862099051476,2816.662353515625,0.00011906220666678267,0.44831815361976624
40,11,3.0,0.024940998000000002,0.0010286364704370499,24.246658325195312,7326.482958332469,177642.72901605355,2461.135009765625,1330.31884765625,0.03205438703298569,14744.2998046875,2.115172325071872e-05,0.07964493334293365
40,13,4.0,0.009801800999999999,0.00014221449964679778,68.92266082763672,24486.953001649268,1687705.9564349535,36771.546875,2910.85888671875,0.008615360595285892,3411936.0,3.3600658169830096e-05,0.1265202909708023
40,19,8.0,0.0023289879999999997,0.0001242450380232185,18.745119094848633,2580.859853737936,48378.525325431234,43.3509407043457,0.9715006947517395,0.0008064127760007977,43270.3671875,0.00010363002484989849,0.3902096450328827
40,21,10.0,0.002312694,0.00012068689829902723,19.162757873535156,1875.6182183031992,35942.017780535614,59.22496795654297,0.6106243133544922,0.010835317894816399,37556.1796875,0.0001109405318337369,0.4177367091178894
40,27,30.0,0.001553855,6.272424798225984e-05,24.772796630859375,1664.9163963365872,41244.63529382954,22.462160110473633,0.6983925700187683,0.010605587624013424,535.46240234375,7.65937216048145e-05,0.2884068489074707
40,29,40.0,0.001289217,5.092318679089658e-05,25.316896438598633,1747.8251346023605,44249.50792550768,30.07601547241211,0.8506840467453003,0.00864122249186039,739.9666137695312,7.070255257334769e-05,0.2662241756916046
41,3,1.0,0.00132235,0.0002589037176221609,5.107497215270996,2478.603645066687,12659.461214938645,511.317626953125,7.577578544616699,2.1009707040775538e-07,85888.359375,0.00013880434690594383,0.5226554274559021
41,1,0.6,0.001463017,0.00031252155895344913,4.681331157684326,2083.18055352685,9752.058032307325,176.46217346191406,5.876358985900879,1.8203240870207082e-07,87461.7421875,0.00013849945454891504,0.5215073823928833
41,7,1.8,0.0012247340000000001,0.0002709966793190688,4.519369125366211,3470.204985564845,15683.137270453659,418.14642333984375,9.748493194580078,3.479081271962059e-07,118234.890625,0.00013921371408548392,0.5241968631744385
41,5,1.4,0.001257927,0.0002495847875252366,5.040079116821289,2993.115644941501,15085.539656300743,463.6694030761719,10.40478515625,2.601244659672375e-07,81287.3828125,0.00013899306642624378,0.5233660340309143
71,7,1.8,0.004993932,0.0001835062721511349,27.213956832885742,1492.0439135437375,40604.41865594918,1.9798059463500977,1.1966354846954346,0.01094480138272047,112.82002258300781,9.915635754665003e-05,0.3733644485473633
71,9,2.0,0.00494817,0.0001797850418370217,27.522701263427734,1554.1538639948503,42774.51251613216,1.5730054378509521,0.8670614957809448,0.010235371068120003,732.9366455078125,9.583153338258026e-05,0.3608451187610626
41,21,10.0,0.0010694230000000001,0.00014790770364925265,7.230340480804443,2086.7139227847556,15087.652147768857,50.810325622558594,0.9467769265174866,8.924893535322553e-08,4502.82958984375,0.0001414392494182343,0.5325769186019897
41,23,20.0,0.000817918,8.378899656236172e-05,9.761639595031738,1886.877907760979,18419.022095390217,75.87291717529297,0.8345089554786682,2.1233596214642603e-07,7527.7578125,0.00014227639350740244,0.5357291102409363
71,23,20.0,0.002002852,5.799613063572906e-05,34.53423309326172,2459.8312115676317,84948.38443035698,1.3297158479690552,0.6372034549713135,0.044701263308525085,244.1859588623047,5.2622313914247764e-05,0.19814464449882507
71,25,26.0,0.001679975,4.8695714212954044e-05,34.49943923950195,2585.852437115157,89210.4590365724,1.1996853351593018,0.7297951579093933,0.036836039274930954,215.60137939453125,5.0027772716911576e-05,0.18837513029575348
41,25,26.0,0.000707622,6.668672722298652e-05,10.611136436462402,1903.728501335404,20200.722865652067,46.09635543823242,0.23405396938323975,0.014688880182802677,20372.861328125,0.00013505639179594407,0.5085428357124329
41,27,30.0,0.000650169,6.366588786477223e-05,10.212203025817871,1984.2885878090688,20263.957920519642,35.39993667602539,0.2713263928890228,0.012435738928616047,22712.443359375,0.00013409011049434456,0.5049043893814087
41,29,40.0,0.0005437380000000001,4.813157647731714e-05,11.296908378601074,2021.2527098067462,22833.906672685956,51.04488754272461,0.617591917514801,0.012252839282155037,35733.359375,0.00012410240452461718,0.4672965705394745
71,1,0.6,0.004321273,0.0002337299520149827,18.48831558227539,983.6577119093379,18186.17420271877,17.311553955078125,0.27042317390441895,1.5060751934470318e-07,4457.3486328125,0.00014380732956563834,0.5414937138557434
71,5,1.4,0.005011591,0.00018016503599938005,27.816667556762695,1277.689197105877,35541.05563676122,2.262077569961548,0.0799483209848404,0.017109720036387444,5348.9306640625,9.937300825245318e-05,0.37418022751808167
71,3,1.0,0.004887824000000001,0.0001943086535902694,25.15494728088379,1142.2524094157664,28733.29914031609,11.29997444152832,0.10993435233831406,0.010936715640127659,19477.423828125,0.00011576253560770843,0.43589353561401367
71,19,8.0,0.0033632650000000003,0.00010173237387789413,33.05992889404297,2036.2493974653617,67318.26029074269,0.933581531047821,0.4524663984775543,0.02184375189244747,199.97921752929688,6.429799663848817e-05,0.24210838973522186
71,21,10.0,0.0030173459999999997,9.846820466918871e-05,30.642845153808594,2248.9065044427048,68912.89378103075,1.1422585248947144,0.5627548694610596,0.01008862815797329,269.1529235839844,6.134326661840537e-05,0.23098261654376984
83,23,20.0,0.001055093,1.770298695191741e-05,59.5997200012207,1165.6046968068576,69469.71356179647,74.98406982421875,2.467211961746216,0.02270290069282055,118961.125,6.26775209085045e-05,0.23600663244724274
83,21,10.0,0.001586739,2.3321410481003113e-05,68.0378646850586,947.0138927439771,64432.80308938531,74.63143920898438,2.319810152053833,0.022871967405080795,140341.546875,7.153870731760567e-05,0.2693726420402527
83,29,40.0,0.000670369,1.391576552123297e-05,48.17334747314453,1384.1328045843522,66678.31054422006,11.685388565063477,3.0002574920654297,0.02070128731429577,10854.474609375,5.945700535700113e-05,0.22388006746768951
91,1,0.6,0.002080556,8.842932584229857e-05,23.527896881103516,506.88999129695,11926.055445298098,36.24070739746094,0.2293349653482437,2.195562416318353e-07,13333.544921875,0.00014495446311681232,0.5458131432533264
71,11,3.0,0.004643936,0.00015184048970695585,30.584306716918945,1663.8032341689286,50886.26843042423,1.2052069902420044,0.6214883923530579,0.012863577343523502,341.9593811035156,8.312645310885276e-05,0.313005268573761
71,13,4.0,0.004298046000000001,0.0001246361352968961,34.4847526550293,1669.978190575602,57588.78484129301,1.4873653650283813,0.4456770718097687,0.011570078320801258,435.5616455078125,7.545715425728088e-05,0.28412720561027527
71,17,6.0,0.003818313,0.00011839609942398965,32.250328063964844,1923.6344395240478,62037.84174979168,0.8251657485961914,0.4747086465358734,0.011854665353894234,140.883544921875,6.887633267585031e-05,0.25934770703315735
71,15,5.0,0.004079936,0.00013035425217822194,31.2988338470459,1875.4468689512985,58699.29994026916,0.8355801701545715,0.40084075927734375,0.010544098913669586,248.1640625,7.314045672713011e-05,0.2754038870334625
71,27,30.0,0.001507635,4.167340011917986e-05,36.17739486694336,2560.311962039345,92625.41683325588,1.6929666996002197,0.6954960823059082,0.033230531960725784,561.2076416015625,4.853893526329214e-05,0.1827690452337265
71,29,40.0,0.0012151240000000002,3.410458884900436e-05,35.62934112548828,2672.3429531365778,95213.81868159787,1.967542290687561,0.7805905342102051,0.03583575040102005,476.5631408691406,4.6609194271776855e-05,0.17550277709960938
83,5,1.4,0.003395297,6.900359585415572e-05,49.20463943481445,598.9889805534752,29473.036813560837,100.33718872070312,0.07021937519311905,0.009883260354399681,46947.28515625,0.00011582761075851812,0.4361385703086853
83,7,1.8,0.0032488990000000004,6.142611528048292e-05,52.89116668701172,630.1344225880948,33328.544780330805,98.87898254394531,1.3446500301361084,0.01152896136045456,33908.08984375,0.00011624918249686974,0.4377259612083435
83,1,0.6,0.0033347790000000004,0.00010367605136707425,32.165374755859375,588.5976380751744,18932.463609101665,68.40864562988281,0.24936093389987946,1.7899247950481367e-07,68480.15625,0.00014530758801690048,0.5471428036689758
83,9,2.0,0.0031705730000000003,5.73585057281889e-05,55.27641677856445,646.4628920724232,35734.15225407139,80.59104919433594,1.3807936906814575,0.013968482613563538,40973.0703125,0.00011179244486372366,0.4209445118904114
83,3,1.0,0.003472437,8.361232903553173e-05,41.53020477294922,591.1852152617703,24552.043048561383,25.488754272460938,0.06248503923416138,0.01057538390159607,15099.19140625,0.0001298572576569846,0.4889659583568573
83,11,3.0,0.002789885,4.3937099690083414e-05,63.497249603271484,684.0413566671829,43434.74476325657,83.97124481201172,1.3369711637496948,0.01482819952070713,39295.640625,9.878608136319958e-05,0.37197020649909973
83,13,4.0,0.002496163,3.7225239793770015e-05,67.05565643310547,729.3198023912813,48905.01809901013,78.10228729248047,1.737324595451355,0.016783788800239563,73373.53125,8.968826343848998e-05,0.33771318197250366
83,25,26.0,0.0008937270000000001,1.6556934497202747e-05,53.97901153564453,1261.7232314169537,68106.57286344643,18.409780502319336,2.6435165405273438,0.01813800074160099,51315.09765625,6.102650212245485e-05,0.2297898679971695
83,27,30.0,0.000813756,1.5888901543803513e-05,51.21537399291992,1295.2227878189356,66335.31948229915,9.517595291137695,2.5656917095184326,0.019526943564414978,12113.4765625,6.129173362072575e-05,0.23078857362270355
83,15,5.0,0.002248808,3.27275920426473e-05,68.71290588378906,781.0156365939979,53665.85393105098,87.68684387207031,2.008502960205078,0.015248163603246212,137369.03125,8.452503856238914e-05,0.3182715177536011
91,15,5.0,0.001194072,5.776224497822113e-05,20.67218589782715,810.8473691764796,16761.987550380265,129.19444274902344,0.270059198141098,2.8185772293909395e-07,61966.45703125,0.0001435625260610721,0.540571928024292
91,17,6.0,0.001091107,5.556354153668508e-05,19.637102127075195,839.90805972509,16493.360346175163,133.54786682128906,0.3000093698501587,2.4324293690369814e-07,88452.8125,0.00014400693979470917,0.5422453284263611
91,21,10.0,0.000809598,5.470791074912995e-05,14.798555374145508,1002.8567099421343,14840.830554412054,85.28421020507812,0.38095757365226746,1.6167369665254228e-07,35210.91796875,0.0001432992336788251,0.5395805239677429
91,19,8.0,0.000927844,5.711272751796059e-05,16.24583625793457,943.5788398628073,15329.227328863033,126.33900451660156,0.35475802421569824,1.832506200116768e-07,50377.890625,0.00014333931401982488,0.5397314429283142
91,3,1.0,0.001998614,7.771865057293326e-05,25.71601676940918,555.0142443434653,14272.755614797517,28.866308212280273,0.19427600502967834,1.755463472363772e-07,10055.841796875,0.00014484970336296692,0.5454186797142029
91,5,1.4,0.001870085,6.815706001361832e-05,27.437875747680664,556.0847842248619,15257.785214737572,70.67691802978516,0.15871040523052216,3.5371124340599636e-07,169715.15625,0.00014434527992446012,0.5435193181037903
83,17,6.0,0.002058808,3.068729711230844e-05,67.08991241455078,836.0981173891479,56093.74946560873,124.74083709716797,2.1627166271209717,0.01594371721148491,115927.453125,8.106352650553377e-05,0.3052375018596649
83,19,8.0,0.001788618,2.629794653330464e-05,68.01359558105469,900.9987612537908,61280.165366946574,84.49483489990234,2.2982842922210693,0.015349440276622772,135726.8125,7.499566838787437e-05,0.2823895215988159
91,9,2.0,0.00169956,6.226886034710333e-05,27.293899536132812,587.3787177735762,16031.8557125745,103.91002655029297,0.1652064174413681,4.3244509129181097e-07,158409.625,0.00014460431416621388,0.5444946885108948
91,7,1.8,0.001754325,6.14946402492933e-05,28.52809715270996,555.5048909468942,15847.49749773855,64.0406723022461,0.16625376045703888,2.2570046098735475e-07,52460.30859375,0.00014475923766438326,0.5450780391693115
91,11,3.0,0.0014831010000000001,6.248857971513644e-05,23.73395347595215,702.5995033341674,16675.463924360214,124.92120361328125,0.1456560492515564,8.282079306809464e-07,106660.4765625,0.00014400285577892007,0.542229950428009
91,13,4.0,0.001322959,6.062497413950041e-05,21.822011947631836,763.2147443936561,16654.881270767142,86.13894653320312,0.2509126365184784,3.5225866668042727e-07,84361.3828125,0.0001436089540390154,0.5407467484474182
91,23,20.0,0.0005004920000000001,3.943877527490258e-05,12.690353393554688,1116.3902333552332,14167.386586390894,139.02206420898438,0.5797330737113953,1.1992372606073332e-07,81657.765625,0.00014329182546413791,0.539552628993988
91,25,26.0,0.00040550199999999997,3.8357557059498504e-05,10.571633338928223,1243.9492972240948,13150.575862470574,86.54421997070312,0.5841444134712219,9.975465786737914e-08,43776.04296875,0.0001436449028756704,0.5408821105957031
94,29,40.0,0.001060134,6.224416574696079e-05,17.031862258911133,2366.2320857458835,40301.33895703989,56.06998062133789,29.953767776489258,0.011733243241906166,851.38330078125,6.496663550256043e-05,0.24462608993053436
91,29,40.0,0.000280232,3.1169765861704946e-05,8.990507125854492,1455.9084906832159,13089.355660079511,66.703125,0.7776689529418945,1.65808160090819e-07,17358.02734375,0.00014302653856255207,0.5385537147521973
91,27,30.0,0.00035906,3.58401593985036e-05,10.018370628356934,1266.0431770315522,12683.6897790046,80.64739227294922,0.6542894244194031,1.8694156267429207e-07,21711.111328125,0.0001431719960086212,0.5391014218330383
94,3,1.0,0.00513821,0.0001793034898582846,28.656497955322266,6337.413745746497,181608.0840470157,2736.304443359375,1325.5064697265625,0.017951535061001778,16526.93359375,1.78697931245732e-05,0.06728711724281311
94,1,0.6,0.010681597999999999,0.00035062452661804855,30.464492797851562,19136.256976281536,582976.3628317656,5728021.0,174.01101684570312,0.01103535108268261,1785634304.0,3.706689138059667e-05,0.13957208395004272
94,19,8.0,0.0029284249999999997,0.00010113014286616817,28.95699691772461,1339.0422853657005,38774.64333003751,9.245271682739258,3.9251248836517334,0.005514750722795725,11386.77734375,8.400654268188045e-05,0.31631916761398315
94,15,5.0,0.003596281,9.968700760509819e-05,36.075721740722656,1080.6092542496274,38983.758766759376,7.367678165435791,1.759758710861206,0.008670945651829243,12326.2451171875,9.164322481045468e-05,0.3450744152069092
94,13,4.0,0.0039683060000000004,0.0001009371189866215,39.314632415771484,958.2807741401392,37674.45638642051,14.58895206451416,1.5195590257644653,0.008713479153811932,22983.4375,9.655139656872018e-05,0.3635556995868683
94,17,6.0,0.003369602,0.0001010831183521077,33.3349609375,1164.9189035819768,38832.52614626053,8.468846321105957,2.5740950107574463,0.008916710503399372,25747.029296875,8.882639364132751e-05,0.33446788787841797
94,5,1.4,0.006197094,0.00013299621059559286,46.59601974487305,677.9751912668855,31590.945398805878,17.128328323364258,1.9693089723587036,0.009057474322617054,18838.58203125,0.000118885177245941,0.44765156507492065
94,7,1.8,0.005544293,0.0001238081749761477,44.78131866455078,720.7740436071887,32277.212131910335,6.307217121124268,1.1146632432937622,0.0083468621596694,6240.4150390625,0.00011707646479597355,0.44084101915359497
94,9,2.0,0.005277561000000001,0.00012194444570923224,43.27840042114258,753.2875603860175,32601.080670651685,7.11478328704834,0.8816161751747131,0.013618947938084602,6088.07666015625,0.00011633160680002373,0.43803632259368896
94,11,3.0,0.004472413000000001,0.00010804792691487819,41.39286422729492,845.6413536940435,35003.51773844342,6.841934680938721,1.039602279663086,0.00843251682817936,3784.288330078125,0.00010564057157629477,0.397780179977417
94,23,20.0,0.001740796,8.211885869968683e-05,21.1984920501709,1903.8841011652005,40359.47198299727,23.158973693847656,18.414657592773438,0.004648824222385883,262.3852233886719,6.985439113926018e-05,0.2630304992198944
94,25,26.0,0.0014555610000000002,8.041270484682173e-05,18.101131439208984,2129.832477479495,38552.377618352446,20.181396484375,8.473119735717773,0.007526259403675795,366.9570617675781,6.908791793571352e-05,0.2601444125175476
94,21,10.0,0.002595703,0.000100470962934196,25.835351943969727,1491.165703685776,38524.790761499295,8.726043701171875,6.804818153381348,0.00508006289601326,757.6455688476562,7.979905664801663e-05,0.3004762530326843
94,27,30.0,0.001327778,7.8340875916183e-05,16.9487247467041,2227.4712296954463,37752.79675331063,16.134033203125,5.475545406341553,0.007033684756606817,331.058837890625,6.990316188595069e-05,0.2632141411304474
