channel,wp,vbias,t0,amp,baseline,tilt,pole0,pole1,pole2,zero0,sigma_baseline,rms
31,1,0.6,0.499089,109.008,0.00500103,0.00842779,-1405.42,-1404.83,-81.2744,-22458.7,0.00019157,0.0114492
31,3,1,0.499287,159.197,0.00435862,0.00626113,-1756.88,-1756.88,-124.478,-24738.3,0.00025045,0.0110248
31,5,1.4,0.49952,1314.17,0.00113373,0.00322014,-319.686,-714.661,-27.8718,-53.9144,0.000101077,0.00207332
31,7,1.8,0.499602,1569.86,0.00118613,0.00316571,-382.92,-862.108,-32.5484,-66.846,0.000116891,0.00248782
31,9,2,0.499626,1667.84,0.00123776,0.00323163,-924.81,-407,-34.6131,-72.4643,9.21335e-05,0.00272187
31,11,3,0.499723,2226.33,0.0010824,0.00268742,-412.565,-1437.32,-38.1334,-79.4591,0.000105682,0.00299349
31,13,4,0.499743,2530.21,0.00096312,0.00229057,-1706.23,-431.354,-39.4269,-81.1497,0.000109873,0.00293649
31,15,5,0.499817,2968.53,0.000949936,0.00239667,-437.572,-2099.59,-39.6726,-80.9952,9.06346e-05,0.00265687
31,17,6,0.499822,3214.75,0.000845892,0.00206463,-2313.75,-453.888,-40.7441,-83.1992,8.64553e-05,0.00258104
31,19,8,0.499828,3632.53,0.000835971,0.00204228,-2684.68,-475.66,-41.6071,-85.0923,0.000102712,0.00240817
31,21,10,0.499845,3812.98,0.00078521,0.00192203,-2826.18,-500.546,-42.9183,-88.2967,9.22231e-05,0.00242218
31,23,20,0.499912,5529.05,0.000676808,0.00166101,-543.2,-4294.89,-45.0775,-94.7633,0.000126599,0.00157765
31,25,26,0.499918,5854.37,0.000641731,0.00154368,-4529.83,-572.774,-47.2651,-101.43,0.000137643,0.00146898
31,27,30,0.499901,1442.76,0.00229445,0.00211572,-11063.7,-11063.5,-343.056,-90643.4,0.000126296,0.00847615
31,29,40,0.499898,1716.97,0.00225557,0.00203999,-12261.7,-12259.4,-350.075,-93058.4,0.000122959,0.00866038
34,1,0.6,0.499104,749.483,0.00122806,0.00397163,-77.0273,-570.837,-22.9598,-33.0707,0.000357141,0.0018351
34,3,1,0.499213,841.153,0.00112555,0.00343795,-99.9306,-623.57,-27.2902,-42.1622,0.000284637,0.00193501
34,5,1.4,0.499297,946.005,0.00108916,0.0031887,-123.467,-687.152,-30.8634,-50.188,0.00031151,0.00199768
34,7,1.8,0.499337,1021.92,0.00103275,0.00285728,-148.595,-724.574,-34.1077,-58.106,0.000161381,0.00209557
34,9,2,0.499392,1091.98,0.00100218,0.0027429,-775.584,-156.697,-34.8951,-59.7857,0.000297398,0.00207155
34,11,3,0.499367,186.97,0.00270958,0.00374727,-2211.98,-2211.97,-105.287,-30141.3,0.000207669,0.00844349
34,13,4,0.499541,1444.44,0.000888901,0.00221401,-252.166,-972.908,-44.2082,-83.3141,0.0002371,0.00222308
34,15,5,0.499593,1671.85,0.000830837,0.00199915,-276.167,-1141.34,-46.1324,-87.5947,0.000155401,0.00213878
34,17,6,0.499636,1748.04,0.000827745,0.00195657,-1167.81,-313.262,-49.1411,-95.7057,0.00019214,0.00219714
34,19,8,0.499702,2059.84,0.000779335,0.00175286,-347.437,-1395.47,-51.6263,-101.242,0.000129272,0.00205537
34,21,10,0.499717,2226.58,0.000756126,0.00171415,-1496.81,-384.632,-54.2866,-108.075,0.000135611,0.00201162
34,23,20,0.49976,549.127,0.00213371,0.00202083,-5414.67,-5414.68,-229.431,-59333.2,0.000150635,0.00852471
34,25,26,0.499817,3127.53,0.000686581,0.00131352,-534.836,-2086.85,-63.8657,-133.476,0.000181491,0.00170408
34,27,30,0.499796,571.667,0.00204576,0.00183927,-6079.07,-6079.07,-256.951,-71550.8,0.000188653,0.00847112
34,29,40,0.499819,3510.49,0.00071209,0.00140175,-612.566,-2320.15,-68.8462,-148.338,0.000174709,0.00158693
71,1,0.6,0.498855,92.8367,0.00295414,0.00552024,-1109.62,-1109.65,-79.4988,-16949.8,0.000245433,0.00805224
71,3,1,0.499292,883.143,0.000976587,0.00327219,-350.55,-350.535,-40.9448,-76.0496,0.000224663,0.00165587
71,5,1.4,0.49926,134.368,0.00266176,0.00372647,-1732.76,-1733.78,-143.02,-28876.8,0.000186072,0.00961396
71,7,1.8,0.499365,166.976,0.00251111,0.00322779,-2003.94,-2003.69,-169.596,-31031.9,0.000233712,0.00974299
71,9,2,0.49957,1407.75,0.000698549,0.00223464,-554.418,-554.384,-49.1446,-94.8729,0.000177383,0.00233273
71,11,3,0.499671,1840.99,0.000639696,0.00185039,-725.629,-725.583,-57.0471,-114.681,0.000296071,0.00264205
71,13,4,0.499717,2154.95,0.000656233,0.00160714,-857.269,-857.327,-63.5455,-130.856,0.000145431,0.00263745
71,15,5,0.499717,2376.51,0.000656351,0.00149238,-949.145,-949.105,-68.4472,-144.209,0.000109665,0.00263205
71,17,6,0.499785,2712.9,0.000685219,0.0014736,-1081.51,-1081.51,-75.7838,-164.994,8.5073e-05,0.00263677
71,19,8,0.499811,3105.66,0.000623925,0.00128839,-1253.16,-1253.58,-86.0084,-193.076,8.55002e-05,0.00250092
71,21,10,0.499827,3384.96,0.000656667,0.00131364,-1381.13,-1381,-94.2992,-216.383,9.62929e-05,0.00251744
71,23,20,0.499903,4985.97,0.000616268,0.00111742,-1175.99,-2986.38,-116.367,-272.458,0.000100662,0.00214793
71,25,26,0.499912,5450.07,0.000583516,0.0010615,-3480.76,-1145.34,-120.594,-278.747,0.000107012,0.0020097
71,27,30,0.499915,5756.56,0.000571419,0.00105196,-1119.84,-3790.57,-122.264,-278.947,0.000106724,0.00193923
71,29,40,0.499932,5883.48,0.0005601,0.000998198,-3920.13,-1128.53,-126.435,-284.201,0.000111028,0.00197676
83,1,0.6,0.498986,194.664,0.00303806,0.00780747,-1406.42,-1015.36,-75.8703,-9324.16,0.000235567,0.00323976
83,3,1,0.499169,105.378,0.00258295,0.00600478,-1533.54,-1533.53,-101.421,-28272.4,0.000210702,0.00360475
83,5,1.4,0.499504,1294,0.00157531,0.00465625,-172.449,-914.136,-48.1567,-64.5589,0.00018511,0.0017314
83,7,1.8,0.499546,1421.56,0.00147582,0.00418768,-219.132,-972.378,-59.487,-84.6654,0.000201693,0.00182156
83,9,2,0.499588,1564.43,0.00137426,0.0039494,-1083.39,-226.853,-59.7944,-84.3123,0.000196945,0.00168543
83,11,3,0.499556,245.684,0.0019678,0.0037715,-2798.87,-2798.85,-192.292,-40094.3,0.000193669,0.00426132
83,13,4,0.499626,266.651,0.00188312,0.0035358,-3229.34,-3229.39,-224.408,-49155.6,0.000241618,0.00429273
83,15,5,0.499735,2315.19,0.00123858,0.00316284,-1490,-429.098,-92.638,-144.05,0.000196796,0.00159061
83,17,6,0.499692,355.645,0.00185955,0.00340116,-3897.39,-3896.42,-269.281,-53564.8,0.000205307,0.00429853
83,19,8,0.499732,389.955,0.00186739,0.0034007,-4370.48,-4370.54,-295.988,-61250.4,0.00021105,0.00425603
83,21,10,0.499767,574.836,0.0019112,0.00350782,-4817.77,-4816.69,-316.633,-50223,0.000227779,0.00422483
83,23,20,0.499824,541.427,0.00210878,0.00409109,-5874.64,-5874.61,-384.336,-79333.8,0.000253804,0.0041146
83,25,26,0.499892,4357.57,0.00166198,0.00427275,-2997.7,-608.378,-99.0569,-148.822,0.000254163,0.00159446
83,27,30,0.499832,611.997,0.00228324,0.0045446,-6401.73,-6401.04,-422.79,-83327.1,0.000261202,0.00426204
83,29,40,0.499847,4249.97,0.00187533,0.00480298,-2809.92,-707.778,-101.124,-158.604,0.000267513,0.00205115
91,1,0.6,0.49951,1390.9,0.00208176,0.00415205,-268.932,-1299.9,-74.4142,-339.205,0.0003424,0.00353733
91,3,1,0.49939,74.9586,0.00161443,0.00297036,-1177.45,-5034.54,-93.695,-100000,0.000168024,0.00366153
91,5,1.4,0.499415,68.4195,0.00153407,0.00247722,-1540.21,-3544.56,-112.705,-100000,0.000219295,0.00395944
91,7,1.8,0.499456,120.233,0.00151597,0.00222988,-2356.87,-2357.52,-128.074,-57375.9,0.000126661,0.0043261
91,9,2,0.499471,165.895,0.00151177,0.00213073,-2471.91,-2472.67,-135.095,-45593.7,0.000133238,0.00449454
91,11,3,0.499688,1933.18,0.000583001,0.00135437,-1361.77,-254.013,-58.6319,-88.184,0.000176935,0.00148242
91,13,4,0.499706,2084.08,0.000571303,0.0012583,-1424.93,-313.857,-67.5466,-108.965,0.000127571,0.00142969
91,15,5,0.499704,2241.43,0.000536282,0.00118162,-1507.65,-360.327,-72.9852,-123.092,0.000174592,0.00143502
91,17,6,0.499669,353.806,0.00141949,0.00149328,-3941.62,-3941.62,-209.13,-52318,0.000184806,0.00591013
91,19,8,0.499785,2698.51,0.000543515,0.00111607,-1817.75,-438.589,-80.3992,-144.41,0.000157629,0.00146301
91,21,10,0.4998,2855.84,0.000534182,0.00109527,-1916.94,-475.789,-83.3488,-154.342,0.000199115,0.00141364
91,23,20,0.499796,708.015,0.00143756,0.00134683,-6318.51,-6318.54,-253,-62804.5,0.000233249,0.00679461
91,25,26,0.49984,3521.59,0.000532003,0.00110198,-2401.54,-585.027,-89.8613,-187.199,0.000233312,0.00145883
91,27,30,0.49984,3647.89,0.000519142,0.00104008,-2510.78,-592.133,-90.3186,-191.273,0.000254018,0.00138936
91,29,40,0.499844,3845.11,0.00055844,0.00118578,-613.752,-2670.51,-91.8142,-202.762,0.000265083,0.00138352
