channel,wp,vbias,signal_amp,sigma_analytic,SNR,beta_Hz,rho_t,BI,J_final
31,5,1.4,0.003880032,0.00023289072851184756,16.66031265258789,1920.635101168878,31998.38127700828,0.00010889324479475748,0.4100278317928314
31,7,1.8,0.003555786,0.00021487122285179794,16.548450469970703,2059.946733979087,34088.92649803084,0.00010116599407572896,0.380931556224823
31,9,2.0,0.0034196770000000003,0.00021052897500339895,16.243261337280273,2144.4931738338028,34833.563058596075,9.877531729057721e-05,0.37192967534065247
31,15,5.0,0.002313303,0.00012984289787709713,17.81616973876953,2358.002460359812,42010.572078206584,7.932721035871108e-05,0.2986995577812195
31,17,6.0,0.002113314,0.00012186109233880416,17.341991424560547,2478.3984109740477,42980.36398975642,7.747312259378474e-05,0.29171815514564514
31,11,3.0,0.002915397,0.00017034522898029536,17.114639282226562,2225.0954772125024,38081.70646100575,8.895648062487263e-05,0.33495771884918213
31,13,4.0,0.002568738,0.0001421024207957089,18.0766658782959,2257.2601743334617,40803.73797180994,8.228516960058058e-05,0.3098374903202057
31,1,0.6,0.004763267,0.0003018322749994695,15.781171798706055,1563.457307673452,24673.188372337176,0.00014108341767047198,0.5312370657920837
31,3,1.0,0.004304359,0.00025424009072594345,16.930294036865234,1764.6264546866096,29875.644743075347,0.00011915845013964156,0.4486805498600006
31,27,30.0,0.0007646230000000001,4.1112776671070606e-05,18.59818458557129,2926.284805573694,54423.58496401215,6.268008924789124e-05,0.23601630330085754
31,29,40.0,0.000618823,3.3461979910498485e-05,18.493316650390625,2976.094616117317,55037.860117380274,6.155983421923607e-05,0.23179808259010315
31,21,10.0,0.001585504,8.44658788992092e-05,18.77094268798828,2586.4621102565734,48550.33203627937,7.033662159274261e-05,0.2648462951183319
31,19,8.0,0.001809979,9.805553418118507e-05,18.45871353149414,2518.39021527808,46486.24354433594,7.291909673955468e-05,0.27457037568092346
34,5,1.4,0.0023085469999999998,3.4999247873201966e-05,65.95990753173828,316.73565091000376,20891.854246028783,0.00017110924421743872,0.6442966461181641
34,7,1.8,0.0024120219999999998,3.462683889665641e-05,69.65758514404297,353.9632876605667,24656.2278480813,0.00015816585845651482,0.5955594778060913
31,23,20.0,0.00101821,5.1987735787406564e-05,19.585580825805664,2805.959686557747,54956.35023502908,6.360645246105623e-05,0.23950444161891937
31,25,26.0,0.0008496350000000001,4.492149309953675e-05,18.913774490356445,2897.334809007847,54799.53720063438,6.274947794250916e-05,0.23627758026123047
34,11,3.0,0.0024210790000000005,2.3849592253100127e-05,101.51448059082031,346.30731576965337,35155.20728515756,0.0001306967207706221,0.4921268820762634
34,19,8.0,0.0018584769999999999,1.469251492380863e-05,126.49141693115234,480.9789457059033,60839.7083563915,9.648521335161114e-05,0.3633064925670624
34,17,6.0,0.002072425,1.704021451587323e-05,121.61965942382812,437.5546883837496,53215.25218053087,0.00010385016596454463,0.39103856682777405
34,9,2.0,0.002440126,2.9664011890417896e-05,82.25879669189453,323.44089092469557,26605.858488419766,0.00015176041211123617,0.5714403390884399
34,15,5.0,0.002204652,1.9705150407389738e-05,111.88201141357422,430.29676142441747,48142.4671729107,0.0001089666225280531,0.41030412912368774
34,13,4.0,0.002317061,2.270018376293592e-05,102.07234191894531,409.9648422113667,41846.07154894509,0.00011812912778036762,0.44480472803115845
34,3,1.0,0.002058465,4.043094304506667e-05,50.913108825683594,317.6682188269027,16173.476595595168,0.00018895780204286058,0.711503803730011
34,1,0.6,0.001562028,4.789678132510744e-05,32.61238098144531,355.3223402189472,11587.907530439035,0.00020742016528005482,0.7810221910476685
34,25,26.0,0.000980923,1.0216847840638366e-05,96.01033020019531,778.2597253982128,74720.97321699574,7.61245109303496e-05,0.28664007782936096
34,27,30.0,0.0008928300000000001,1.0500732969376259e-05,85.0254898071289,858.038120902006,72955.11150288155,7.44973709730512e-05,0.2805132269859314
34,29,40.0,0.000737938,9.79641390586039e-06,75.32736206054688,916.7298198253608,69054.83904968486,7.333116285200962e-05,0.27612197399139404
34,23,20.0,0.0011531739999999999,1.072298709914321e-05,107.54222869873047,698.8630519004798,75157.29015657415,7.939964623565225e-05,0.29897230863571167
34,21,10.0,0.001688306,1.3503688023774885e-05,125.02555084228516,527.7182056207791,65978.25934724022,9.101256096141342e-05,0.34269970655441284
37,1,0.6,0.005924068,0.0005906179430894554,10.030287742614746,1119.5855133364719,11229.764851227852,0.00020336348706953417,0.7657471299171448
37,3,1.0,0.005221188,0.0004138041695114225,12.617533683776855,987.3274007321423,12457.636735653656,0.00019744972140031965,0.7434793710708618
37,5,1.4,0.004787576,0.0003390329657122493,14.121269226074219,1045.9149429346878,14769.64649675478,0.00018611141716257755,0.7007859945297241
37,7,1.8,0.004544228000000001,0.0002918987884186208,15.56782054901123,1133.570613428467,17647.22388948695,0.00017233221699204475,0.648901641368866
37,15,5.0,0.003915091,0.00014954694779589772,26.179677963256836,1012.6420544004102,26510.642876253547,0.00012944131331248188,0.48739975690841675
37,13,4.0,0.004053878,0.0001774936681613326,22.83956527709961,1033.4035336921645,23602.487465347596,0.0001387607524118232,0.5224912762641907
37,17,6.0,0.0037884570000000003,0.00012976482685189694,29.194791793823242,1017.5911654863252,29708.362207607195,0.00012089683203863664,0.45522627234458923
37,9,2.0,0.00445749,0.0002841128152795136,15.689154624938965,1084.4547012689848,17014.177491951097,0.00017084061728743618,0.6432851552963257
37,19,8.0,0.003516254,9.958658483810723e-05,35.308509826660156,997.8684158383768,35233.24676634313,0.00010954696433758477,0.4124893546104431
37,11,3.0,0.0042018129999999996,0.00021580509201157838,19.470407485961914,1094.541238964715,21311.163932832613,0.00014927147358960883,0.5620684623718262
37,23,20.0,0.0024268420000000002,4.38624010712374e-05,55.328529357910156,1046.3959431648461,57895.54866139428,8.304535057049873e-05,0.3126998841762543
37,21,10.0,0.0032802950000000003,8.009053999558091e-05,40.95733642578125,985.4972809898005,40363.34368419194,0.0001015842811889789,0.3825065791606903
40,17,6.0,0.002232724,0.000146278936881572,15.263469696044922,1902.3119425159243,29035.88068701616,0.00012660135521673518,0.4767061471939087
40,15,5.0,0.0022027260000000003,0.0001543939724797383,14.26691722869873,1993.4357597589642,28440.18298520931,0.00012893346278320636,0.4854874908924103
40,19,8.0,0.0023289879999999997,0.0001242417492903769,18.745615005493164,2580.859534254875,48379.799212398284,7.138797072709601e-05,0.26880505681037903
40,3,1.0,0.015368000000000001,0.002303176326677203,6.6725239753723145,6869.181184523674,45834.77614491061,0.00010389916623925428,0.39122307300567627
40,1,0.6,0.060387586,0.003862038254737854,15.63619613647461,3908.9842422501747,61121.64430621231,5.945167872400491e-05,0.2238600105047226
37,29,40.0,0.001616876,2.70982418442145e-05,59.66719055175781,1264.9885830600808,75478.31483124396,6.930032633054197e-05,0.2609442174434662
40,5,1.4,0.026456329,0.0019280187552794814,13.722028732299805,12039.260679064406,165203.08095376904,6.197482879262505e-05,0.23336070775985718
37,25,26.0,0.002107207,3.526146974763833e-05,59.75947570800781,1100.5608994126408,65768.94233363293,7.732430137502112e-05,0.2911577820777893
37,27,30.0,0.00192488,3.1817933631828055e-05,60.496700286865234,1143.7406749549145,69192.53681864441,7.465865793768265e-05,0.28112053871154785
40,27,30.0,0.001553855,6.27225890639238e-05,24.773452758789062,1664.9164809748436,41245.729788759614,8.472168075672953e-05,0.31901195645332336
40,25,26.0,0.001656598,6.832362123532221e-05,24.2463436126709,1631.9949816598405,39569.91109947903,8.83986404759773e-05,0.332857221364975
40,29,40.0,0.001289217,5.0921840738737956e-05,25.31756591796875,1747.8250765751382,44250.67658926984,7.865428169510842e-05,0.29616570472717285
41,1,0.6,0.001463017,0.0003125133225694299,4.681454658508301,2083.1809046416183,9752.316950550041,0.0002156817176538765,0.812130331993103
40,9,2.0,0.031419458,0.0016682945424690843,18.833280563354492,12948.398986900362,243860.83096654958,3.26363971105371e-05,0.1228894516825676
40,7,1.8,0.038734442,0.0018423546571284533,21.02442169189453,13940.519596851978,293091.36260833556,2.6246113465351324e-05,0.09882740676403046
40,13,4.0,0.009801800999999999,0.00014221074525266886,68.92447662353516,24486.956276619985,1687750.6454694215,3.486977794842493e-05,0.13129904866218567
40,11,3.0,0.024940998000000002,0.0010286092292517424,24.24730110168457,7326.482480985363,177647.4267326691,2.3067554052797373e-05,0.0868588238954544
41,3,1.0,0.00132235,0.0002588968491181731,5.107632637023926,2478.603307811828,12659.795149215151,0.00020038557471951688,0.7545340657234192
41,5,1.4,0.001257927,0.00024957818095572293,5.040212154388428,2993.115735861099,15085.938311378373,0.00019126451114679852,0.7201895117759705
40,21,10.0,0.002312694,0.00012068370415363461,19.163267135620117,1875.618493051374,35942.97822685272,0.00010018199954285821,0.37722641229629517
40,23,20.0,0.00189825,7.881397323217243e-05,24.085195541381836,1553.1611668843577,37408.19041169054,9.408874296266558e-05,0.35428279638290405
41,7,1.8,0.0012247340000000001,0.000270989490672946,4.51948881149292,3470.204814290208,15683.551831773462,0.00019861683180391927,0.7478740215301514
41,9,2.0,0.0012094060000000001,0.00024228270922321826,4.991714000701904,3532.128415682912,17631.374864841426,0.00017824313334791807,0.6711586713790894
41,11,3.0,0.0011776660000000002,0.00021464833116624504,5.486490726470947,4733.187793576188,25968.59093610124,0.00014218287271173627,0.5353769659996033
41,13,4.0,0.001172135,0.0002104110171785578,5.570692539215088,3688.758643605633,20548.94025489907,0.0001627959134883997,0.6129935383796692
41,21,10.0,0.0010694230000000001,0.00014790378918405622,7.230531692504883,2086.7139208274834,15088.051137734245,0.00017176571018173654,0.6467685103416443
41,19,8.0,0.001118979,0.00016988023708108813,6.586869716644287,2134.720546150903,14061.126118939736,0.0001784631478264157,0.6719871163368225
41,23,20.0,0.000817918,8.3786784671247e-05,9.761897087097168,1886.8780649419216,18419.509485864084,0.00014840436422180222,0.5588034391403198
41,17,6.0,0.0011481570000000001,0.000193651212612167,5.928995132446289,2331.4457469356025,13823.13048514379,0.00018199944644371873,0.685302734375
41,15,5.0,0.00116883,0.0001964968687389046,5.948338985443115,2237.648321432562,13310.290746088656,0.0001863306243356285,0.7016113996505737
83,1,0.6,0.0033347790000000004,0.00010367330105509609,32.16622543334961,588.5976471617157,18932.96460814292,0.00017187208454647534,0.6471690535545349
41,25,26.0,0.000707622,6.668496644124389e-05,10.611416816711426,1903.7284357562185,20201.255937635273,0.0001375330624406856,0.5178685188293457
41,27,30.0,0.000650169,6.366420711856335e-05,10.212472915649414,1984.2887159219408,20264.494768181576,0.00013533947107639398,0.5096087455749512
71,9,2.0,0.00494817,0.00017978028336074203,27.52342987060547,1554.1539683226079,42775.64775525049,9.880208500646609e-05,0.37203046679496765
71,7,1.8,0.004993932,0.00018350141181144863,27.214677810668945,1492.0437020923657,40605.48863188145,0.00010207999047751714,0.38437312841415405
71,11,3.0,0.004643936,0.0001518364588264376,30.585119247436523,1663.8032389108432,50887.62046635926,8.613125189614815e-05,0.3243195712566376
71,13,4.0,0.004298046000000001,0.0001246328465640545,34.485660552978516,1669.978483424045,57590.311110139475,7.834657168377555e-05,0.29500705003738403
41,29,40.0,0.0005437380000000001,4.813030318473466e-05,11.297207832336426,2021.2527653614177,22834.512571972668,0.00012397118573049485,0.4668024778366089
71,1,0.6,0.004321273,0.00023372375289909542,18.48880386352539,983.6575665184657,18186.651816232592,0.00017010522534358663,0.6405161023139954
71,25,26.0,0.001679975,4.8694426368456334e-05,34.5003547668457,2585.852347187704,89212.82335265644,5.2147998220046506e-05,0.19635865092277527
71,23,20.0,0.002002852,5.799459540867247e-05,34.53514862060547,2459.831147130174,84950.634247735,5.474509588463051e-05,0.2061377912759781
83,11,3.0,0.002789885,4.3935935536865145e-05,63.498931884765625,684.0413174931836,43435.893025865,0.00010273777029185565,0.38684993982315063
83,13,4.0,0.002496163,3.722425390151329e-05,67.05743408203125,729.3197263948454,48906.30947744741,9.362837307431771e-05,0.35254931449890137
71,5,1.4,0.005011591,0.00018016026297118515,27.817407608032227,1277.6892132572113,35542.00164156186,0.00011302148825869835,0.42557236552238464
71,3,1.0,0.004887824000000001,0.000194303531316109,25.155611038208008,1142.2526423513893,28734.063178356875,0.0001301554699571801,0.4900888502597809
83,3,1.0,0.003472437,8.361011714441702e-05,41.53130340576172,591.1851985529096,24552.691850096373,0.0001470449884857447,0.5536848306655884
83,5,1.4,0.003395297,6.900177686475217e-05,49.20594024658203,598.9890032077627,29473.817100200904,0.00013132831064649927,0.4945050776004791
83,15,5.0,0.002248808,3.272672256571241e-05,68.71472930908203,781.0155467967331,53667.27188432221,8.853071406410199e-05,0.33335453271865845
71,19,8.0,0.0033632650000000003,0.00010172967449761927,33.06080627441406,2036.2490874540777,67320.03660677168,6.674978723742939e-05,0.251340389251709
71,21,10.0,0.0030173459999999997,9.846559987636283e-05,30.64365577697754,2248.906501158103,68914.71669609584,6.343715180265261e-05,0.23886695504188538
71,15,5.0,0.004079936,0.00013035080337431282,31.29966163635254,1875.4467145106219,58700.84758119153,7.568149810910531e-05,0.2849719524383545
71,17,6.0,0.003818313,0.00011839297076221555,32.25117874145508,1923.6344617231784,62039.47885825695,7.150212530020816e-05,0.26923489570617676
83,7,1.8,0.0032488990000000004,6.142448546597734e-05,52.89257049560547,630.134376140765,33329.42691172978,0.0001200436447324056,0.45201367139816284
83,9,2.0,0.0031705730000000003,5.7356988691026345e-05,55.27788543701172,646.4629301298752,35735.10379099415,0.00011597370138532973,0.4366886615753174
83,21,10.0,0.001586739,2.332079384359531e-05,68.03966522216797,947.0139229033285,64434.51027507446,7.58872106175819e-05,0.2857465445995331
71,27,30.0,0.001507635,4.167229781160131e-05,36.17835235595703,2560.3118585214715,92627.864558725,5.117581646540289e-05,0.19269798696041107
71,29,40.0,0.0012151240000000002,3.410368299228139e-05,35.630287170410156,2672.342831944732,95216.34251997793,4.890669455329117e-05,0.18415381014347076
83,19,8.0,0.001788618,2.629724986036308e-05,68.0154037475586,900.9987455795388,61281.79345663615,7.92843994257593e-05,0.29853835701942444
83,17,6.0,0.002058808,3.068648948101327e-05,67.0916748046875,836.0981261676362,56095.22358564763,8.529442439735127e-05,0.32116857171058655
83,29,40.0,0.000670369,1.3915398994868156e-05,48.174617767333984,1384.1330314405134,66680.079728788,6.278694245556651e-05,0.23641864955425262
83,27,30.0,0.000813756,1.5888481357251294e-05,51.21672821044922,1295.2227638038141,66337.07226572682,6.475682710615584e-05,0.24383607506752014
91,15,5.0,0.001194072,5.776072066510096e-05,20.672731399536133,810.8474037438372,16762.430583607573,0.0001638490196993135,0.6169589161872864
91,13,4.0,0.001322959,6.062336251488887e-05,21.822593688964844,763.2145269445244,16655.320519025867,0.00016408475288974352,0.6178465485572815
91,3,1.0,0.001998614,7.771659147692844e-05,25.716697692871094,555.0142405598025,14273.133439714875,0.0001752970858187667,0.6600655913352966
91,1,0.6,0.002080556,8.84269829839468e-05,23.528520584106445,506.88993984277397,11926.370383467185,0.00019092303677237222,0.7189037203788757
94,9,2.0,0.005277561000000001,0.00012194121518405154,43.2795524597168,753.28757485712,32601.94911328157,0.00012146859424910752,0.45737919211387634
91,11,3.0,0.0014831010000000001,6.248692807275802e-05,23.734580993652344,702.599512316988,16675.90503118819,0.00016312320461419415,0.6142259240150452
91,9,2.0,0.00169956,6.226721598068252e-05,27.294618606567383,587.378796729383,16032.280234312977,0.0001658770026404062,0.6245951056480408
91,25,26.0,0.00040550199999999997,3.8356542063411325e-05,10.57191276550293,1243.9492014068678,13150.92244199044,0.00017109843265626065,0.6442559361457825
83,23,20.0,0.001055093,1.7702517652651295e-05,59.60129928588867,1165.6047436229728,69471.55717372434,6.692114969062574e-05,0.251985639333725
83,25,26.0,0.0008937270000000001,1.6556496120756492e-05,53.980445861816406,1261.723215563883,68108.3817303431,6.417714617902416e-05,0.24165333807468414
91,5,1.4,0.001870085,6.815525557613e-05,27.438602447509766,556.0846978724194,15258.186952064894,0.00017031156311804644,0.6412930488586426
91,7,1.8,0.001754325,6.149301043478772e-05,28.528852462768555,555.504822683855,15847.915128704106,0.0001672780100102826,0.6298704743385315
91,23,20.0,0.0005004920000000001,3.943773117498495e-05,12.690689086914062,1116.390317734839,14167.762422014044,0.00016779971928305943,0.6318349242210388
91,21,10.0,0.000809598,5.4706466471543536e-05,14.798945426940918,1002.856751090892,14841.222330433382,0.00016878284319240926,0.635536789894104
94,7,1.8,0.005544293,0.00012380490079522133,44.782501220703125,720.7740640997819,32278.065405399633,0.00012155879876063488,0.4577188491821289
94,3,1.0,0.00513821,0.00017929874593392015,28.657255172729492,6337.413586218202,181612.87827537773,1.9174018817959614e-05,0.0721980631351471
91,17,6.0,0.001091107,5.5562071793247014e-05,19.637622833251953,839.9081251688347,16493.79897664935,0.0001655512311483937,0.6233684420585632
91,19,8.0,0.000927844,5.711121775675565e-05,16.246265411376953,943.5788193468604,15329.631935662801,0.0001674719532717081,0.6306007504463196
94,23,20.0,0.001740796,8.21166904643178e-05,21.199052810668945,1903.8843274094165,40360.544402157146,7.506524703671503e-05,0.28265151381492615
94,25,26.0,0.0014555610000000002,8.041058026719838e-05,18.101612091064453,2129.8325214175356,38553.40212163395,7.600111191839706e-05,0.2861754298210144
94,17,6.0,0.003369602,0.00010108044079970568,33.33584213256836,1164.9188574632956,38833.551129648324,9.200114605466722e-05,0.34642213582992554
94,15,5.0,0.003596281,9.968435915652663e-05,36.076683044433594,1080.6090934964313,38984.791761003464,9.509631556343489e-05,0.35807672142982483
91,29,40.0,0.000280232,3.1168940040515736e-05,8.990744590759277,1455.9083316136964,13089.699957097206,0.0001679375627307001,0.6323539614677429
91,27,30.0,0.00035906,3.583921352401376e-05,10.018635749816895,1266.0432893696002,12684.026559694052,0.00017187013751569216,0.6471617221832275
94,5,1.4,0.006197094,0.0001329926890321076,46.59725570678711,677.9751661245997,31591.78217875944,0.00012378510182503553,0.4661017954349518
94,1,0.6,0.010681597999999999,0.0003506152133923024,30.465303421020508,19136.255165040766,582991.8199450378,9.723464607842547e-05,0.36612841486930847
94,29,40.0,0.001060134,6.224252138053998e-05,17.032312393188477,2366.232052030948,40302.40350496652,7.277729591227344e-05,0.2740364372730255
94,27,30.0,0.001327778,7.833880226826295e-05,16.949174880981445,2227.471446370663,37753.80308692905,7.682867914883498e-05,0.2892915606498718
94,19,8.0,0.0029284249999999997,0.00010112747986568138,28.9577579498291,1339.0425512397485,38775.67008332227,8.67265130269248e-05,0.32656097412109375
94,21,10.0,0.002595703,0.00010046831448562443,25.836034774780273,1491.1657095309833,38525.80912640239,8.341931503177418e-05,0.3141080141067505
94,13,4.0,0.0039683060000000004,0.00010093444143421948,39.315677642822266,958.2806941373723,37675.45486204489,0.00010023369875048274,0.3774210810661316
94,11,3.0,0.004472413000000001,0.00010804506746353582,41.393959045410156,845.6413588818085,35004.443776658576,0.00010958793904638333,0.4126436412334442
