channel,wp,vbias,signal_amp,sigma_analytic,SNR,beta_Hz,rho_t,lambda_wiener,template,use_R,beta_R,n_events,s1,s2,s_penalty,BI,J_final
31,1,0.6,0.004763267,0.00020628115453291684,23.09113883972168,1808.062484624785,41750.221863363055,18.966388702392578,fit,0,,37,0.04580493582921688,0.04534419683528258,wna:1.0,9.066898126101833e-05,0.341405987739563
31,5,1.4,0.003880032,0.00016479083569720387,23.545194625854492,3166.255482899987,74550.1015800591,4.268661022186279,fit,0,,36,0.04796584917952794,0.04570624641722743,wna:1.0,4.936494328615168e-05,0.18587930500507355
31,3,1.0,0.004304359,0.00017095579823944718,25.178199768066406,2877.5915457742776,72452.57479040377,5.2265191078186035,fit,0,,36,0.04429138083554634,0.04291193640499469,wna:1.0,5.125958627763467e-05,0.19301341474056244
31,27,30.0,0.0007646230000000001,3.412231308175251e-05,22.40829849243164,2825.342475333976,63311.11753062941,14.792532920837402,fit,0,,38,0.04955685868182378,0.048183317967409954,wna:1.0,5.6210576883611246e-05,0.21165592968463898
31,29,40.0,0.000618823,2.7746735213440843e-05,22.30255126953125,2940.6207837006264,65583.34579273239,18.91698455810547,fit,0,,38,0.04923588389944545,0.04859582598526675,wna:1.0,5.3084413177498565e-05,0.19988463819026947
34,3,1.0,0.002058465,3.365472730365582e-05,61.164215087890625,312.1752089683771,19093.95162644902,1.0525834560394287,fit,0,,36,0.07023755838460809,0.06688023721300584,wna:1.0,0.00017128330560354995,0.6449520587921143
34,1,0.6,0.001562028,3.867361738230102e-05,40.3900146484375,304.91916198862657,12315.689419309914,2.387094736099243,fit,0,,37,0.0763441417124451,0.0699367747693015,wna:1.0,0.00019711220440553394,0.7422084808349609
34,5,1.4,0.0023085469999999998,2.8540513085317798e-05,80.88667297363281,312.3817747025303,25267.522453286612,2.1785426139831543,fit,0,,36,0.0509158876279149,0.04330860366182679,wna:1.0,0.00015174108426907156,0.5713675618171692
34,7,1.8,0.0024120219999999998,2.6728033844847232e-05,90.24315643310547,336.6282616811992,30378.396878700823,4.037402629852295,fit,0,,39,0.03966733678674329,0.031989457209105635,wna:1.0,0.00013832066013675368,0.5208341479301453
34,11,3.0,0.0024210790000000005,2.6656431145966053e-05,90.8253173828125,444.95508687191483,40413.18698623857,5.249636173248291,fit,0,,38,0.033981408243586905,0.025944987920531785,wna:1.0,0.00011403884350193918,0.4294031262397766
34,9,2.0,0.002440126,2.5073753931792453e-05,97.31793212890625,339.52422119460607,33041.795114336426,5.232802391052246,fit,0,,38,0.03649037400583127,0.029149302308214012,wna:1.0,0.00013003101828224317,0.48962023854255676
71,13,4.0,0.004298046000000001,0.00010440008190926164,41.16899108886719,1588.8631162424942,65411.89147401699,0.7553263306617737,fit,0,,39,0.041133836918036425,0.02951293400594103,wna:1.0,7.306181567891253e-05,0.2751077711582184
71,11,3.0,0.004643936,0.00012962069013155997,35.82712173461914,1508.9023314321332,54059.62751386967,1.2796320915222168,fit,0,,38,0.04064807794247167,0.03227206892389813,wna:1.0,8.456906836827023e-05,0.3184373080730438
71,7,1.8,0.004993932,0.00015364863793365657,32.50228500366211,1386.6460153520281,45069.163990164045,3.157947063446045,fit,0,,39,0.03826284054263853,0.03405368911520474,wna:1.0,9.558350065622731e-05,0.359911173582077
71,9,2.0,0.00494817,0.00015351046749856323,32.233436584472656,1402.6592317584707,45212.5273965118,2.928426504135132,fit,0,,38,0.038248878260253256,0.034318647337256945,wna:1.0,9.658155971634067e-05,0.3636692762374878
71,15,5.0,0.004079936,0.00011163221643073484,36.54801559448242,1720.1790949274723,62869.13238671191,0.8007481694221497,fit,0,,38,0.041896259269955695,0.03101104287641408,wna:1.0,7.917007864270224e-05,0.29810789227485657
71,17,6.0,0.003818313,9.955252608051524e-05,38.35475540161133,1861.3508849531363,71391.65790895034,0.7452210783958435,fit,0,,37,0.04112246701294627,0.02976057549141837,wna:1.0,6.974466883134549e-05,0.2626173496246338
71,19,8.0,0.0033632650000000003,8.564581366954371e-05,39.26946258544922,1954.145312521025,76738.23623657537,0.9109562039375305,fit,0,,38,0.04111027396978388,0.029313054118465846,wna:1.0,6.601437550668163e-05,0.2485712617635727
71,21,10.0,0.0030173459999999997,8.230573439504951e-05,36.660213470458984,2225.1431687772724,81574.22356970835,1.0389386415481567,fit,0,,37,0.04210166810354157,0.030526512999426905,wna:1.0,5.973082832647173e-05,0.22491112351417542
34,23,20.0,0.0011531739999999999,9.11727602215251e-06,126.48229217529297,720.6679495995661,91151.73416262162,11.883493423461914,fit,0,,36,0.0263408671802295,0.018493967786985206,wna:1.0,6.795227661501578e-05,0.25586825609207153
34,21,10.0,0.001688306,1.254752351087518e-05,134.55291748046875,587.6619411353671,79071.62867199913,9.000011444091797,fit,0,,37,0.02542296020799787,0.018000953233816626,wna:1.0,7.772777997365601e-05,0.29267704486846924
34,27,30.0,0.0008928300000000001,8.886213436198886e-06,100.47362518310547,888.5530048539658,89276.14156501945,9.786498069763184,fit,0,,38,0.029683951792234865,0.020448657167965397,wna:1.0,6.311273769185685e-05,0.23764540255069733
34,25,26.0,0.000980923,8.477055416733492e-06,115.71505737304688,784.5283297908526,90781.74069252914,11.040834426879883,fit,0,,38,0.027445125836076573,0.01905808595574657,wna:1.0,6.563324027349744e-05,0.24713613092899323
31,13,4.0,0.002568738,0.0001196717275888659,21.464868545532227,2182.7236463824834,46851.876140824774,8.489768028259277,fit,0,,39,0.050189515952559674,0.04887209512818534,wna:1.0,7.596847145112155e-05,0.28605252504348755
31,11,3.0,0.002915397,0.00014160711725708097,20.587926864624023,2392.750708405933,49261.77658993867,16.2509822845459,fit,0,,38,0.05215764430274303,0.0519861783957554,wna:1.0,6.743326627515381e-05,0.2539139688014984
31,9,2.0,0.0034196770000000003,0.0001732787786750123,19.735118865966797,2526.281843019436,49856.47246092225,21.84436798095703,fit,0,,38,0.05404512105326972,0.054372218754744635,wna:1.0,6.573360733594181e-05,0.2475140541791916
31,7,1.8,0.003555786,0.00017813463637139648,19.961227416992188,2511.325790206677,50129.145216473094,21.55229949951172,fit,0,,39,0.05359108406220029,0.053850756241611175,wna:1.0,6.45800153411944e-05,0.24317030608654022
31,17,6.0,0.002113314,0.0001004664518404752,21.035022735595703,2490.228402972445,52382.01107335156,10.79404354095459,fit,0,,37,0.05111071365516878,0.05040634359975321,wna:1.0,6.776538540410979e-05,0.2551645338535309
31,15,5.0,0.002313303,0.00010827169171534479,21.36572265625,2299.936577242215,49139.807036322076,9.246513366699219,fit,0,,38,0.0504281481934502,0.04933930360033543,wna:1.0,7.201294386421412e-05,0.2711583375930786
34,29,40.0,0.000737938,8.190904736693483e-06,90.09236145019531,935.7561510175257,84304.48138671447,12.540103912353516,fit,0,,38,0.030527536087312613,0.02109860458292989,wna:1.0,6.312236599652236e-05,0.23768165707588196
71,1,0.6,0.004321273,0.00015242300287354738,28.35053062438965,884.5806343441418,25078.330363715613,14.3274507522583,fit,0,,37,0.043650157075713854,0.04145366992333065,wna:1.0,0.00013959875129499372,0.5256466865539551
71,3,1.0,0.004887824000000001,0.00013874350406695157,35.229209899902344,1481.312033316148,52185.452548945716,13.49792766571045,fit,0,,36,0.03293026983173097,0.03170500235673793,wna:1.0,6.790520754157073e-05,0.2556910216808319
71,5,1.4,0.005011591,0.00014339640620164573,34.94921112060547,1223.947471768016,42775.998591351694,4.78352689743042,fit,0,,36,0.03531741952795408,0.032052424879768816,wna:1.0,9.925746068170753e-05,0.3737451434135437
31,19,8.0,0.001809979,8.112650539260358e-05,22.310575485229492,2584.3727902899004,57658.84421973599,12.394004821777344,fit,0,,38,0.04877873639105101,0.047906431776008784,wna:1.0,6.24656625894461e-05,0.2352088987827301
31,21,10.0,0.001585504,7.007612293818966e-05,22.62545394897461,2578.600242398952,58342.001037212256,10.675769805908203,fit,0,,37,0.0483060403641217,0.04710981581745836,wna:1.0,6.238436613948968e-05,0.2349027842283249
31,25,26.0,0.0008496350000000001,3.7148896808503196e-05,22.871068954467773,2854.937709900613,65295.47722384723,11.697611808776855,fit,0,,38,0.048649001042774434,0.046979388186546095,wna:1.0,5.510648775078784e-05,0.20749858021736145
31,23,20.0,0.00101821,4.2752020817715675e-05,23.816650390625,2857.8271057956285,68063.86905558617,10.185416221618652,fit,0,,37,0.046966145835832994,0.045195088556584495,wna:1.0,5.340699897890038e-05,0.20109930634498596
71,23,20.0,0.002002852,4.813071427633986e-05,41.612762451171875,2521.170511204687,104912.8695816602,1.3497806787490845,fit,0,,37,0.039998945833805144,0.027911340255351465,wna:1.0,4.641028054152278e-05,0.17475378513336182
71,25,26.0,0.001679975,4.04565580538474e-05,41.52540588378906,2628.269550040598,109139.95983743948,1.5260655879974365,fit,0,,38,0.0405930371137494,0.027897989945091253,wna:1.0,4.5109525470081155e-05,0.16985590755939484
71,27,30.0,0.001507635,3.473944161669351e-05,43.39836502075195,2572.3288055380544,111634.86445613536,1.7373274564743042,fit,0,,38,0.038805190525506926,0.026644844796532938,wna:1.0,4.489305680374147e-05,0.16904081404209137
71,29,40.0,0.0012151240000000002,2.8575970645761117e-05,42.5225830078125,2630.088668721721,111838.16373362647,1.948674201965332,fit,0,,38,0.03997330274121036,0.027349739257773707,wna:1.0,4.4363088479654744e-05,0.16704526543617249
83,1,0.6,0.0033347790000000004,8.301038906211033e-05,40.173030853271484,541.7282771233392,21762.866790965512,1.2029629945755005,fit,0,,37,0.058451259986991834,0.0538654003129745,wna:1.0,0.00015647333467279476,0.589186429977417
83,3,1.0,0.003472437,6.839464913355187e-05,50.770591735839844,581.2307255690188,29509.42787219062,2.7301840782165527,fit,0,,36,0.043435041797293066,0.03475978523506804,wna:1.0,0.00013547886581685375,0.5101336240768433
34,15,5.0,0.002204652,1.7790389392757788e-05,123.92375946044922,467.78970960611514,57970.2594513016,5.970108985900879,fit,0,,38,0.028246636961082,0.02090129380970387,wna:1.0,9.34570343653992e-05,0.35190415382385254
34,13,4.0,0.002317061,1.9397790310904384e-05,119.4497299194336,430.0783142167464,51372.73847739565,6.72399377822876,fit,0,,39,0.028610134146412364,0.021394816614294557,wna:1.0,0.00010214783579407523,0.3846285939216614
83,5,1.4,0.003395297,5.706821320927702e-05,59.49541473388672,609.9849905923486,36291.30999673777,3.417290449142456,fit,0,,36,0.03793991204059974,0.029122186895351714,wna:1.0,0.0001187915456436449,0.4472990036010742
83,7,1.8,0.0032488990000000004,5.062589480075985e-05,64.17464447021484,644.4426025094415,41356.87489750339,4.366118907928467,fit,0,,39,0.03498284767425074,0.026760328229604845,wna:1.0,0.00010608274543305524,0.39944514632225037
83,11,3.0,0.002789885,3.666960037662648e-05,76.0816879272461,708.1685419977981,53878.65801216935,4.376922130584717,fit,0,,38,0.03389610829405515,0.02463947784671517,wna:1.0,8.859195055666031e-05,0.33358511328697205
83,9,2.0,0.0031705730000000003,4.7076184273464605e-05,67.3498306274414,658.9613536837983,44380.93556063333,4.367398738861084,fit,0,,38,0.03363551301059787,0.025922754539679557,wna:1.0,0.00010017019863677001,0.3771819770336151
83,13,4.0,0.002496163,3.187290349160321e-05,78.31614685058594,770.9964348152132,60381.47001026644,4.779471397399902,fit,0,,39,0.03225561474487044,0.02319115597653798,wna:1.0,8.127378208583775e-05,0.30602920055389404
83,15,5.0,0.002248808,2.8019529054290615e-05,80.25859832763672,820.1031095989481,65820.32606054781,5.170544147491455,fit,0,,38,0.032336920801523436,0.023008914820617923,wna:1.0,7.608020410789368e-05,0.28647324442863464
34,17,6.0,0.002072425,1.469089875172358e-05,141.06863403320312,459.2899244609471,64791.40226891885,7.744796276092529,fit,0,,37,0.025645234753825324,0.01881559401981063,wna:1.0,8.826325851847309e-05,0.33234745264053345
34,19,8.0,0.0018584769999999999,1.242938651557779e-05,149.5228271484375,498.17316400916076,74488.25989213194,8.107941627502441,fit,0,,38,0.025374047182205366,0.018174937461685553,wna:1.0,8.14008772903746e-05,0.30650776624679565
83,19,8.0,0.001788618,2.17292363231536e-05,82.31389617919922,936.4921452765359,77086.31721892832,6.216861724853516,fit,0,,38,0.0318227282162352,0.02269497267420925,wna:1.0,6.457567013834904e-05,0.24315394461154938
83,17,6.0,0.002058808,2.6242434614687227e-05,78.45338439941406,881.3129910943296,69141.98686652082,5.264167308807373,fit,0,,37,0.03307603455395247,0.023160967852803298,wna:1.0,7.289080147512454e-05,0.27446383237838745
91,15,5.0,0.001194072,4.792974141309969e-05,24.912965774536133,870.5325737754297,21687.548216086132,277.6026306152344,fit,0,,38,0.04271234933694443,0.04242330945890928,wna:1.0,0.00013571209794335093,0.5110118389129639
91,13,4.0,0.001322959,5.0121790991397575e-05,26.394886016845703,828.4423327730926,21866.64094507554,304.9285583496094,fit,0,,39,0.04049700801189743,0.04010937769864414,wna:1.0,0.00013482216240977746,0.5076608657836914
91,29,40.0,0.000280232,2.584942922112532e-05,10.840935707092285,1463.9754471146064,15870.863698931129,128.16941833496094,fit,0,,38,0.0979294525923994,0.09760418896990233,wna:1.0,0.00014876586293720986,0.5601646304130554
91,1,0.6,0.002080556,7.241455023176968e-05,28.73118782043457,797.8488466491567,22923.14506539402,681.5610961914062,fit,0,,37,0.03887467790163721,0.03877362471155485,wna:1.0,0.00011302258841023844,0.42557650804519653
91,3,1.0,0.001998614,6.211932486621663e-05,32.173789978027344,621.4428120590866,19994.17051854377,100.9189224243164,fit,0,,36,0.04241865580576407,0.04038946226506809,wna:1.0,0.00014136773165336974,0.5323076248168945
91,19,8.0,0.000927844,4.735516267828643e-05,19.59330177307129,998.2163191783548,19558.353576465954,287.4621887207031,fit,0,,38,0.05437886191970504,0.05417363776583781,wna:1.0,0.0001408325039717407,0.530292272567749
91,17,6.0,0.001091107,4.563007314573042e-05,23.912015914916992,886.3638216656159,21194.745810074855,294.626953125,fit,0,,37,0.04496331232882861,0.04461775596280647,wna:1.0,0.0001386344011946588,0.5220155119895935
91,7,1.8,0.001754325,5.123321170685813e-05,34.24195098876953,604.4041680088914,20695.977898368485,54.59589767456055,fit,0,,39,0.04398573000207886,0.039958128909074006,wna:1.0,0.00014277389944629748,0.537602424621582
91,5,1.4,0.001870085,5.723536742152646e-05,32.67359161376953,611.4364213402281,19977.82392865533,38.30290222167969,fit,0,,36,0.04730703024414568,0.04367011829936813,wna:1.0,0.0001449958098192971,0.5459688305854797
91,11,3.0,0.0014831010000000001,5.208851143834181e-05,28.47270965576172,768.413429299327,21878.812468027925,110.77609252929688,fit,0,,38,0.0416265922335193,0.03998192609585341,wna:1.0,0.00013492744453773544,0.5080572962760925
91,9,2.0,0.00169956,5.227549991104752e-05,32.5115966796875,645.2219997654894,20977.197425237013,61.251556396484375,fit,0,,38,0.04322242616131534,0.040171768118859884,wna:1.0,0.00014053631784992119,0.5291770100593567
91,23,20.0,0.0005004920000000001,3.248082794016227e-05,15.408843994140625,1131.5796067541482,17436.33362742567,138.789794921875,fit,0,,37,0.07223905195928235,0.07135256405469546,wna:1.0,0.00014700788409423464,0.5535451173782349
91,21,10.0,0.000809598,4.5093194785295054e-05,17.95388412475586,1042.3199258618417,18713.691169847625,175.95428466796875,fit,0,,37,0.060396966200631196,0.06014158650269759,wna:1.0,0.00014436174262376491,0.5435813069343567
91,25,26.0,0.00040550199999999997,3.174751691403799e-05,12.772716522216797,1254.3219794021074,16021.099070488974,95.62847137451172,fit,0,,38,0.08540552579343123,0.08465260393329291,wna:1.0,0.00015199818730956072,0.5723356604576111
91,27,30.0,0.00035906,2.9808452381985262e-05,12.045577049255371,1288.0111786944706,15514.837893266473,112.44278717041016,fit,0,,38,0.0900667820284208,0.08941078597452849,wna:1.0,0.00015180107814442276,0.5715934634208679
83,3,1.0,0.003472437,6.839464913355187e-05,50.770591735839844,581.2307255690188,29509.42787219062,3.5061252117156982,fit,0,,36,0.04202663518602739,0.033732054778808675,wna:1.0,0.0001355471860189687,0.5103908777236938
83,1,0.6,0.0033347790000000004,8.301038906211033e-05,40.173030853271484,541.7282771233392,21762.866790965512,1.1249732971191406,fit,0,,37,0.060110465219026216,0.05606136864843514,wna:1.0,0.0001563206273072241,0.5886114239692688
83,11,3.0,0.002789885,3.666960037662648e-05,76.0816879272461,708.1685419977981,53878.65801216935,4.610498905181885,fit,0,,38,0.03259546034144408,0.024011176678646693,wna:1.0,8.860759803575917e-05,0.3336440324783325
83,9,2.0,0.0031705730000000003,4.7076184273464605e-05,67.3498306274414,658.9613536837983,44380.93556063333,4.451184272766113,fit,0,,38,0.033632264818255514,0.025729070932762572,wna:1.0,0.00010017411644261418,0.377196729183197
83,7,1.8,0.0032488990000000004,5.062589480075985e-05,64.17464447021484,644.4426025094415,41356.87489750339,4.581865310668945,fit,0,,39,0.034475669394829656,0.02672088266097369,wna:1.0,0.00010608022853960384,0.3994356691837311
83,5,1.4,0.003395297,5.706821320927702e-05,59.49541473388672,609.9849905923486,36291.30999673777,3.632598400115967,fit,0,,36,0.0373915703917096,0.029095131221524028,wna:1.0,0.0001187994841472039,0.4473288953304291
83,15,5.0,0.002248808,2.8019529054290615e-05,80.25859832763672,820.1031095989481,65820.32606054781,5.02493143081665,fit,0,,38,0.032338547408769444,0.02291995974946867,wna:1.0,7.608690790900482e-05,0.286498486995697
83,13,4.0,0.002496163,3.187290349160321e-05,78.31614685058594,770.9964348152132,60381.47001026644,4.882688522338867,fit,0,,39,0.032261922613856533,0.02311423254608054,wna:1.0,8.12788871055741e-05,0.3060484230518341
83,29,40.0,0.000670369,1.1541464118636213e-05,58.08353042602539,1378.5189831373334,80069.2492999109,7.717026710510254,fit,0,,38,0.03838576210365246,0.026580728627809046,wna:1.0,5.6042451566960877e-05,0.21102286875247955
83,25,26.0,0.0008937270000000001,1.3855449651600793e-05,64.50364685058594,1241.4800201758367,80079.98879348047,7.254645347595215,fit,0,,38,0.03647529506564697,0.02488491596223569,wna:1.0,6.0549990082553065e-05,0.2279956042766571
83,27,30.0,0.000813756,1.3130433217156678e-05,61.97480773925781,1277.3852295971424,79165.7040132506,8.728731155395508,fit,0,,38,0.03635769345980126,0.02526606013708312,wna:1.0,5.958848533817973e-05,0.2243751436471939
83,17,6.0,0.002058808,2.6242434614687227e-05,78.45338439941406,881.3129910943296,69141.98686652082,6.150193214416504,fit,0,,37,0.031595318360825346,0.022466308865232373,wna:1.0,7.290219081373012e-05,0.27450671792030334
83,19,8.0,0.001788618,2.17292363231536e-05,82.31389617919922,936.4921452765359,77086.31721892832,5.996755123138428,fit,0,,38,0.03246882754030732,0.023213475888998428,wna:1.0,6.456765248719723e-05,0.24312375485897064
83,23,20.0,0.001055093,1.4627520613430534e-05,72.13068389892578,1146.8818854264646,82725.37474710033,7.054031848907471,fit,0,,37,0.03446191031671354,0.023631419624145094,wna:1.0,6.088053021703244e-05,0.22924022376537323
83,21,10.0,0.001586739,1.941526534210425e-05,81.72636413574219,978.042782056946,79931.8805467203,6.312511920928955,fit,0,,37,0.03260390621661567,0.02289274730387426,wna:1.0,6.318628954985665e-05,0.23792235553264618
