channel,wp,vbias,model,npol,cc,nzer,t0,amp,baseline,tilt,rms,sigma_baseline,params
31,1,0.6,6p+cc-z4,6,1,4,0.499024,47.2042,0.00130125,0.00423411,0.00130677,0.00019157,0.49902381;47.204218;0.001301246;0.0042341091;-1163.1638;-1161.8858;-43245.448;-36.076726;-1746.4151;-348.45866;-162.78837;-20.550828;-1175.6708;1093.7167
31,3,1,4p-z2,4,0,2,0.499416,1073.36,0.000478457,0.00174152,0.00151518,0.00025045,0.49941615;1073.3555;0.00047845746;0.001741524;-61.55021;-13.531625;-597.24945;-250.8753;-39.191715;-10.758979
31,5,1.4,4p-z2,4,0,2,0.499508,1263.89,0.000566059,0.00197562,0.0013261,0.000101077,0.49950843;1263.89;0.00056605912;0.0019756215;-103.11398;-21.622352;-495.75112;-495.96032;-64.988093;-15.076928
31,7,1.8,6p+cc-z4,6,1,4,0.499419,113.354,0.000682012,0.00228113,0.000744756,0.000116891,0.49941857;113.35368;0.00068201221;0.0022811257;-56219.282;-862.17807;-33.121032;-276.69506;-2458.89;-2459.2211;-130.61259;-20.126873;-430.89058;350.3169
31,9,2,6p+cc-z4,6,1,4,0.499453,99.3399,0.000714538,0.0023517,0.000776463,9.21335e-05,0.49945254;99.339906;0.00071453826;0.0023516958;-309.21516;-1029.9205;-70541.68;-34.687078;-2605.7741;-2605.4877;-141.06658;-20.827088;-493.88994;389.95989
31,11,3,6p+cc-z4,6,1,4,0.499541,91.1644,0.000318925,0.00116842,0.000453074,0.000105682,0.49954143;91.164361;0.0003189254;0.0011684248;-488.4375;-62.438567;-100000;-13.557061;-3913.91;-220.88908;-39.763682;-10.99598;-982.03095;442.38502
31,13,4,6p+cc-z4,6,1,4,0.499537,16.1832,0.000512962,0.00160885,0.000557997,0.000109873,0.49953729;16.183151;0.00051296159;0.0016088475;-256.29941;-100000;-100000;-36.868021;-15793.395;-569.67895;-150.24993;-22.406542;-2378.4315;1025.8441
31,15,5,6p+cc-z4,6,1,4,0.499644,157.785,0.000636163,0.00196948,0.000698906,9.06346e-05,0.4996443;157.78532;0.00063616253;0.0019694825;-47.467363;-30742.232;-530.89036;-30994.597;-6843.6669;-6834.1489;-234.888;-26.851806;-1363.2059;4.4315084
31,17,6,6p+cc-z4,6,1,4,0.499715,572.282,0.000511321,0.00159955,0.00066153,8.64553e-05,0.4997149;572.28243;0.00051132136;0.0015995458;-29256.296;-201.81534;-369.25515;-44.195767;-746.58919;-3277.4267;-3277.4981;-25.750067;-201.30543;4.7007239
31,19,8,6p+cc-z4,6,1,4,0.499709,291.416,0.000615098,0.00176525,0.000826653,0.000102712,0.49970906;291.41611;0.00061509795;0.0017652535;-56.288266;-31733.08;-763.85028;-31693.485;-8588.7055;-299.26374;-8589.2484;-30.683994;-1755.1577;11.64689
31,21,10,6p+cc-z4,6,1,4,0.499757,234.377,0.000167792,0.000605232,0.000246859,9.22231e-05,0.49975712;234.37729;0.00016779238;0.00060523217;-100000;-287.29955;-7.7697114;-57.83602;-594.20976;-196.93691;-35.205539;-6.7689069;-3612.6214;2115.5486
31,23,20,6p+cc-z4,6,1,4,0.499784,54.4782,0.000404164,0.00129817,0.00041035,0.000126599,0.49978416;54.478175;0.00040416377;0.0012981711;-100000;-200.67525;-100000;-41.844793;-4419.1584;-618.44741;-129.82301;-26.26166;-7044.2207;6616.3317
31,25,26,6p+cc-z4,6,1,4,0.499865,712.763,0.000354473,0.00115454,0.000529502,0.000137643,0.49986494;712.76321;0.00035447282;0.0011545387;-98641.313;-178.55908;-6088.7427;-37.813889;-8842.2166;-625.04561;-109.96734;-25.011316;-6087.6571;5.3486091
31,27,30,6p+cc-z4,6,1,4,0.499879,1143.64,0.000347632,0.00111501,0.000533301,0.000126296,0.49987859;1143.6385;0.00034763191;0.0011150091;-69139.147;-182.3221;-644.25383;-38.674255;-5757.2631;-110.68125;-10444.458;-25.683631;-644.33309;1
31,29,40,6p+cc-z4,6,1,4,0.499879,1199.97,0.000338451,0.00109947,0.00052572,0.000122959,0.49987891;1199.9742;0.00033845142;0.0010994739;-93271.195;-193.40583;-5361.4321;-40.149199;-15658.215;-689.57698;-113.01224;-26.835559;-5359.5382;2.9146918
34,1,0.6,6p+cc-z4,6,1,4,0.498685,39.5229,0.00110963,0.00373367,0.000913945,0.000357141,0.49868452;39.522871;0.0011096282;0.0037336702;-25313.335;-1958.1423;-1956.0588;-28.866621;-835.13512;-835.15323;-71.907685;-20.902956;-1519.1817;1403.3128
34,3,1,6p+cc-z4,6,1,4,0.498876,35.1174,0.000239878,0.000936075,0.000378474,0.000284637,0.49887602;35.117398;0.00023987833;0.00093607545;-54063.742;-745.1102;-55.551089;-8.0087113;-1910.1659;-104.27048;-36.380908;-7.1682443;-745.23961;1
34,5,1.4,6p+cc-z4,6,1,4,0.498969,36.3591,0.000305232,0.00116272,0.000361952,0.00031151,0.49896899;36.359087;0.00030523175;0.0011627162;-60645.542;-65.267314;-847.6407;-9.648052;-1916.4529;-128.20367;-40.984907;-8.581008;-847.77137;1
34,7,1.8,6p+cc-z4,6,1,4,0.499042,32.2268,0.000287106,0.00105062,0.000352795,0.000161381,0.49904189;32.226767;0.00028710588;0.0010506189;-78195.391;-958.33132;-73.216118;-10.770994;-1914.3469;-150.54002;-44.694072;-9.5081069;-958.23578;1
34,9,2,6p+cc-z4,6,1,4,0.499079,34.0614,0.000309755,0.00114346,0.000336278,0.000297398,0.4990792;34.061403;0.00030975493;0.0011434576;-78428.098;-1016.8633;-77.52343;-11.890805;-1902.2061;-161.52213;-46.899636;-10.436101;-1016.9576;1
34,11,3,6p+cc-z4,6,1,4,0.499219,48.2161,0.000350657,0.00128301,0.000329828,0.000207669,0.49921909;48.216085;0.00035065694;0.0012830066;-71776.865;-15.056559;-1370.1448;-94.076061;-1800.2693;-209.44379;-55.078605;-12.950377;-1370.1209;2.0153837
34,13,4,6p+cc-z4,6,1,4,0.49926,32.7337,0.000323663,0.00117729,0.000299846,0.0002371,0.49926033;32.733716;0.00032366347;0.0011772941;-36889.562;-17.107054;-31905.771;-105.82781;-8404.4345;-248.09207;-60.982215;-14.504741;-1800.8002;3.3502892
34,15,5,6p+cc-z4,6,1,4,0.499283,26.4541,0.000331256,0.00117517,0.000291491,0.000155401,0.49928334;26.454103;0.00033125639;0.0011751717;-52067.132;-20.930087;-24815.195;-123.61162;-1509.9984;-70.022858;-291.70623;-17.254416;-3964.5722;2.4212357
34,17,6,6p+cc-z4,6,1,4,0.499481,438.301,0.000684568,0.00180173,0.00106125,0.00019214,0.49948066;438.30126;0.00068456818;0.0018017274;-236.10052;-794.93338;-71.330768;-12037.094;-1499.2339;-1491.6493;-1487.0777;-41.165216;-233.67208;1.6865499
34,19,8,6p+cc-z4,6,1,4,0.499516,143.043,0.000307544,0.00102739,0.000368284,0.000129272,0.49951616;143.04321;0.00030754396;0.0010273933;-55273.612;-935.49925;-21.196996;-126.3494;-2960.9815;-325.19421;-72.497223;-17.554352;-1355.0011;5.5571271
34,21,10,6p+cc-z4,6,1,4,0.499587,456.093,0.00035554,0.00116919,0.000419664,0.000135611,0.49958699;456.09255;0.00035553958;0.0011691875;-163.33096;-28.990071;-91.555898;-20761.694;-412.41658;-2544.209;-2543.6503;-22.680248;-91.490775;1.072151
34,23,20,6p+cc-z4,6,1,4,0.49968,296.937,0.000378075,0.0010611,0.000410123,0.000150635,0.49967962;296.9373;0.00037807513;0.0010610986;-54403.889;-525.43199;-34.03385;-189.66995;-3744.6058;-2929.6538;-105.29556;-26.051943;-525.26475;1
34,25,26,6p+cc-z4,6,1,4,0.499709,290.924,0.000355047,0.000931936,0.000439177,0.000181491,0.49970897;290.92411;0.00035504727;0.00093193639;-66238.588;-573.36339;-35.400259;-199.73072;-4404.7128;-2946.0483;-109.55552;-26.998491;-573.48346;1
34,27,30,6p+cc-z4,6,1,4,0.499758,607.205,0.00025649,0.000720114,0.000368109,0.000188653,0.49975787;607.20516;0.00025649021;0.00072011354;-130.22687;-738.31404;-45107.605;-17.170268;-8142.0071;-378.07651;-73.162802;-14.7178;-1495.6387;3.4617842
34,29,40,6p+cc-z4,6,1,4,0.499779,1935.15,0.000395734,0.00105446,0.000505157,0.000174709,0.49977861;1935.1537;0.00039573353;0.0010544615;-654.58613;-215.4766;-10839.874;-36.542578;-3742.3127;-3736.8889;-114.48009;-27.950726;-654.58889;1.997185
71,1,0.6,4p-z2,4,0,2,0.499099,704.53,1.34656e-05,0.000739839,0.00110371,0.000245433,0.49909915;704.52954;1.346556e-05;0.00073983884;-70.863522;-5.7202035;-394.90398;-179.73825;-40.944591;-5.1199688
71,3,1,4p-z2,4,0,2,0.499028,27.381,0.000931455,0.00322687,0.00122914,0.000224663,0.49902767;27.381007;0.00093145485;0.0032268715;-100000;-71.26237;-2847.7797;-260.122;-497.74328;-39.511369
71,5,1.4,6p+cc-z4,6,1,4,0.499115,99.3974,0.000797296,0.00264331,0.00118369,0.000186072,0.49911475;99.397427;0.00079729567;0.0026433069;-18043.494;-85.8097;-2217.6123;-2222.6908;-784.96642;-361.78699;-784.94223;-45.265811;-1676.6499;2022.0529
71,7,1.8,6p+cc-z4,6,1,4,0.499261,138.702,0.000737943,0.0023328,0.00126919,0.000233712,0.499261;138.70222;0.00073794344;0.0023327991;-26884.484;-99.468037;-1340.1774;-1342.642;-2139.5684;-951.0352;-2140.0578;-50.457022;-568.97511;2.9640026
71,9,2,6p+cc-z4,6,1,4,0.499231,45.0751,0.000733087,0.00229034,0.00128903,0.000177383,0.49923053;45.075091;0.00073308712;0.0022903411;-104.6734;-1296.7497;-25517.34;-25089.255;-4552.3101;-1084.0708;-4551.2657;-52.44826;-614.46413;2.2619848
71,11,3,4p-z2,4,0,2,0.499386,123.794,0.000655731,0.00188428,0.00136217,0.000296071,0.49938586;123.79397;0.00065573094;0.0018842762;-38429.593;-123.30822;-1517.5848;-1517.4065;-604.41499;-60.102312
71,13,4,4p-z2,4,0,2,0.499493,148.399,0.000697496,0.00164627,0.0013748,0.000145431,0.49949327;148.39928;0.00069749594;0.0016462687;-44707.659;-146.14205;-1769.551;-1769.5245;-753.03776;-68.570363
71,15,5,4p-z2,4,0,2,0.499518,180.941,0.000695321,0.00152591,0.00142999,0.000109665,0.49951827;180.94121;0.00069532066;0.0015259067;-44908.655;-160.57776;-1963.7341;-1963.665;-831.97174;-73.687321
71,17,6,4p-z2,4,0,2,0.499593,244.706,0.000701216,0.00149419,0.0015108,8.5073e-05,0.49959316;244.70571;0.0007012162;0.0014941904;-41701.464;-177.79589;-2214.5308;-2214.5062;-920.1577;-79.869166
71,19,8,4p-z2,4,0,2,0.499671,306.292,0.000639775,0.00130099,0.00159034,8.55002e-05,0.49967072;306.29184;0.00063977495;0.0013009856;-48371.746;-203.80702;-2750.6912;-1008.857;-2750.762;-89.435478
71,21,10,6p+cc-z4,6,1,4,0.499695,408.014,0.000657583,0.00131614,0.00151393,9.62929e-05,0.499695;408.01415;0.00065758313;0.0013161369;-216.37107;-18790.877;-18328.424;-991.59987;-4323.1135;-4292.1009;-4292.8824;-94.928975;-989.60597;6.2162258
71,23,20,6p+cc-z4,6,1,4,0.499768,227.852,0.000413935,0.00100777,0.000600552,0.000100662,0.49976757;227.85193;0.00041393539;0.001007774;-42599.424;-42508.863;-780.96891;-104.51624;-7760.9976;-354.30608;-7761.37;-64.340621;-2636.4567;22.59346
71,25,26,4p-z2,4,0,2,0.499858,848.527,0.000568793,0.00105525,0.00160787,0.000107012,0.49985823;848.52652;0.0005687931;0.0010552523;-69643.569;-260.73317;-6366.2541;-6366.037;-1031.435;-116.02725
71,27,30,6p+cc-z4,6,1,4,0.499813,304.609,0.000404075,0.000966466,0.000676504,0.000106724,0.499813;304.60888;0.00040407472;0.00096646618;-50267.394;-981.151;-50421.689;-119.48228;-10343.144;-10342.462;-419.42489;-71.883804;-2932.351;30.477358
71,29,40,6p+cc-z4,6,1,4,0.499902,1922.22,0.000541412,0.000990573,0.00137656,0.000111028,0.49990166;1922.2229;0.000541412;0.00099057305;-21614.361;-1004.565;-24129.87;-260.03625;-8981.8277;-8980.94;-8955.9027;-119.86329;-1002.6515;22.883922
83,1,0.6,6p+cc-z4,6,1,4,0.498965,55.7108,-1.85236e-05,-0.000135307,0.00052978,0.000235567,0.49896516;55.71081;-1.8523619e-05;-0.00013530743;-43686.504;-34.08456;-724.36594;-1.6238671;-2517.7907;-30.162434;-87.834684;-1.2042616;-724.23185;1.0000002
83,3,1,6p+cc-z4,6,1,4,0.499108,71.6979,0.00162305,0.0051632,0.00101707,0.000210702,0.49910752;71.697887;0.0016230516;0.005163202;-28406.251;-2342.3636;-2338.0215;-35.862316;-1127.7204;-1127.7198;-29.523146;-121.64761;-1879.1655;1726.1148
83,5,1.4,6p+cc-z4,6,1,4,0.499216,67.6598,0.00149813,0.00457682,0.000985272,0.00018511,0.49921619;67.659813;0.0014981263;0.0045768178;-30407.163;-2060.4137;-6087.2752;-51.699568;-1334.8296;-157.26813;-1334.8699;-40.517768;-2445.2953;2150.3762
83,7,1.8,6p+cc-z4,6,1,4,0.499377,198.355,0.00139787,0.00411179,0.000988108,0.000201693,0.49937721;198.3555;0.0013978652;0.0041117946;-24409.616;-1218.8341;-63.706896;-189.76308;-1088.9827;-1984.1543;-1983.316;-48.305339;-189.75075;1.0001063
83,9,2,4p-z2,4,0,2,0.499371,54.8109,0.00130802,0.00389541,0.000982155,0.000196945,0.49937089;54.810936;0.0013080181;0.003895414;-100000;-67.839583;-202.8911;-1519.33;-2617.5601;-50.968741
83,11,3,6p+cc-z4,6,1,4,0.49943,53.4728,0.0012469,0.00346023,0.000919699,0.000193669,0.49942961;53.472762;0.001246897;0.0034602337;-29290.668;-88.911186;-27755.858;-3582.7636;-2053.1781;-2053.2881;-269.58743;-63.84865;-3945.3542;3274.2567
83,13,4,6p+cc-z4,6,1,4,0.499515,39.2702,0.000312381,0.000954732,0.000334178,0.000241618,0.49951456;39.270223;0.00031238079;0.00095473175;-99999.662;-4.3897882;-15251.305;-136.01357;-352.4504;-1658.0752;-92.841007;-3.6078994;-3957.8729;3006.7625
83,15,5,4p-z2,4,0,2,0.499611,122.752,0.00118641,0.00313104,0.000950124,0.000196796,0.49961071;122.75211;0.0011864144;0.0031310368;-100000;-111.78455;-3444.0393;-2509.5556;-359.63325;-77.691293
83,17,6,6p+cc-z4,6,1,4,0.499598,113.146,0.00124002,0.00320498,0.000954099,0.000205307,0.49959842;113.14616;0.0012400241;0.0032049845;-31842.446;-19263.428;-123.58116;-9674.8779;-2878.6408;-2878.9455;-397.16923;-84.495917;-4875.4561;5723.59
83,19,8,4p-z2,4,0,2,0.499803,2840.06,0.000754989,0.00228251,0.00095679,0.00021105,0.49980268;2840.057;0.00075498904;0.0022825112;-231.56638;-11.020522;-575.60416;-1779.7909;-141.72222;-9.3411915
83,21,10,4p-z2,4,0,2,0.499817,3028.71,0.000806666,0.00241995,0.000941756,0.000227779,0.49981656;3028.7103;0.00080666565;0.0024199451;-257.42784;-11.682657;-639.4089;-1874.1158;-154.53484;-9.7597761
83,23,20,6p+cc-z4,6,1,4,0.499812,619.163,0.000305203,0.000780184,0.000456396,0.000253804,0.49981159;619.16334;0.00030520313;0.0007801835;-1088.8255;-151.30123;-68096.724;-4.717354;-10561.546;-468.13798;-110.83426;-3.1639653;-1868.2852;7.2538615
83,25,26,6p+cc-z4,6,1,4,0.499811,587.229,0.000416509,0.0013469,0.000509423,0.000254163,0.49981147;587.22886;0.00041650949;0.0013469028;-638.87749;-208.40024;-68273.673;-6.2808252;-7885.1695;-3486.2845;-140.62782;-4.2164209;-638.71904;1
83,27,30,6p+cc-z4,6,1,4,0.499813,592.411,0.000387614,0.00125105,0.000491893,0.000261202,0.49981254;592.41101;0.00038761409;0.001251052;-657.59582;-6.3980926;-68337.828;-209.64294;-7585.3056;-3670.8854;-141.3352;-4.1434226;-657.34357;1
83,29,40,4p-z2,4,0,2,0.499878,4695.05,0.000489337,0.00167645,0.000870569,0.000267513,0.49987813;4695.0467;0.00048933698;0.0016764496;-237.88192;-7.6846515;-3117.8911;-751.04602;-154.7875;-4.83254
91,1,0.6,6p+cc-z4,6,1,4,0.499171,47.8935,0.00106017,0.00284493,0.000809162,0.0003424,0.4991707;47.893525;0.0010601737;0.0028449316;-14751.19;-246.0277;-25.743973;-20107.037;-1778.9673;-125.65804;-125.65773;-21.633392;-2144.7303;1768.7446
91,3,1,6p+cc-z4,6,1,4,0.499191,2.03439,0.00076468,0.0021774,0.000719242,0.000168024,0.49919137;2.0343949;0.00076467971;0.0021774015;-99999.971;-99999.971;-467.93911;-39.975995;-2140.3769;-308.22482;-133.63501;-31.910499;-2346.6876;1980.5363
91,5,1.4,6p+cc-z4,6,1,4,0.49925,2.52224,0.000661726,0.00183444,0.000732012,0.000219295,0.49925026;2.5222351;0.00066172624;0.001834444;-99999.36;-99999.36;-789.81228;-52.989025;-2621.4563;-505.67091;-161.56403;-40.163233;-2386.0722;2130.6767
91,7,1.8,6p+cc-z4,6,1,4,0.499409,49.9744,0.000343969,0.00110045,0.000418722,0.000126661,0.49940932;49.974391;0.00034396938;0.0011004493;-110.01645;-1150.505;-99999.982;-14.90426;-238.97503;-570.29182;-13.602552;-73.584178;-1768.8958;1797.318
91,9,2,6p+cc-z4,6,1,4,0.499301,3.03337,0.000622873,0.00160274,0.000752809,0.000133238,0.49930131;3.0333664;0.00062287296;0.0016027365;-1501.1504;-100000;-100000;-69.629797;-3326.5557;-812.0038;-202.0946;-49.44098;-2346.0572;2487.2343
91,11,3,6p+cc-z4,6,1,4,0.499462,45.2785,0.000307902,0.000941754,0.00033975,0.000176935,0.4994619;45.278476;0.00030790224;0.00094175387;-100000;-4225.5844;-140.18169;-19.618797;-311.00623;-1018.2855;-88.117076;-17.624818;-2041.0532;2856.1242
91,13,4,6p+cc-z4,6,1,4,0.49946,38.2061,0.000545438,0.00124413,0.000823115,0.000127571,0.49946008;38.206127;0.00054543773;0.0012441314;-37765.578;-2913.3235;-26640.177;-102.21837;-1861.4142;-1861.4334;-298.95821;-64.854145;-2676.7694;3927.0117
91,15,5,6p+cc-z4,6,1,4,0.499494,102.23,0.000503714,0.00116319,0.000864899,0.000174592,0.49949444;102.2304;0.00050371432;0.0011631876;-28008.621;-6085.3101;-112.33228;-11444.079;-2228.2011;-2228.2611;-333.48692;-68.975886;-2797.5648;4497.1926
91,17,6,6p+cc-z4,6,1,4,0.499529,89.23,0.000511874,0.00114728,0.000870627,0.000184806,0.49952902;89.229958;0.00051187365;0.0011472792;-120.0423;-22740.922;-15567.114;-10504.06;-2498.7267;-2498.6316;-360.46821;-72.014367;-3164.5841;5214.8744
91,19,8,6p+cc-z4,6,1,4,0.499545,17.3711,0.000507678,0.00109922,0.00090455,0.000157629,0.49954474;17.371077;0.00050767786;0.0010992237;-131.2182;-37162.964;-35276.435;-36892.33;-2954.9995;-2954.0622;-400.90051;-75.943374;-4393.7903;6965.4693
91,21,10,6p+cc-z4,6,1,4,0.499681,196.836,0.000293037,0.000863176,0.000433744,0.000199115,0.49968119;196.8361;0.00029303745;0.00086317627;-92522.883;-2301.8467;-37.063833;-221.03915;-5329.2549;-516.15554;-125.41737;-31.127063;-2301.032;2.0687179
91,23,20,6p+cc-z4,6,1,4,0.49976,627.227,0.000315176,0.000874882,0.000417795,0.000233249,0.49976028;627.22682;0.00031517624;0.00087488222;-46852.617;-139.77033;-260.69791;-46.100818;-7339.0562;-613.40516;-2726.2684;-37.246406;-139.79807;1
91,25,26,6p+cc-z4,6,1,4,0.499789,549.25,0.000284574,0.000865259,0.000381548,0.000233312,0.4997885;549.2504;0.00028457396;0.00086525868;-70868.271;-206.68126;-1184.9108;-33.475495;-10214.764;-498.34602;-112.79733;-28.76984;-1879.6588;7.3502827
91,27,30,6p+cc-z4,6,1,4,0.499795,657.97,0.000268691,0.000794793,0.000386812,0.000254018,0.49979486;657.96958;0.00026869099;0.00079479343;-70053.339;-1113.1091;-200.21876;-30.791937;-12068.921;-481.81396;-108.21107;-26.823537;-1855.1848;6.9083759
91,29,40,6p+cc-z4,6,1,4,0.499801,591.662,0.000357234,0.00102012,0.000421288,0.000265083,0.49980113;591.66156;0.0003572337;0.0010201155;-79747.619;-286.04153;-676.17822;-52.171768;-3102.2056;-141.57795;-10574.1;-41.663541;-676.3158;1
