channel,wp,vbias,ap_source,model,n_real,nzer,bessel_order,fcut,n_pulses,rms,chi,cond,railing,t0,zeros,real_poles,param_errors
91,1,0.6,octopus,9p z4,9,4,6,2500,37,1.323860e-03,6.0418,3.462e+09,"",0.50209629,"-12.4795 -567.122 -569.371 -567.948","-934.509 -6624.74 -5208.14 -932.58 -247.165 -930.87 -86.6094 -4565.65 -10.7524","0.00125766 0.080076 623.816 1229.91 1427.52 2011.09 9776.78 2290.83 1983.31 1.71938 2487.06 0.152849 3030.64 0.0675739"
91,3,1,octopus,9p z4,9,4,6,2500,36,4.710349e-04,1.5033,7.976e+10,"",0.50173068,"-651.922 -64.0403 -651.681 -4.46743","-6528.45 -1341.34 -160.061 -5560.63 -5087.09 -48.251 -287.238 -4.05629 -1339.27","2.84905e-05 13128.8 0.245107 13115.5 0.0277677 26199.5 12002.7 0.711345 50733.2 27283.5 0.131602 2.25268 0.0254037 11982.3"
91,5,1.4,octopus,9p z4,9,4,6,2500,36,4.158962e-04,2.1247,7.199e+10,"",0.50150579,"-1055.84 -76.2703 -1056.07 -5.41789","-2499.69 -55.3585 -2457.04 -181.814 -4.93483 -5645.94 -5837.13 -489.617 -2474.12","1.15206e-05 6549.14 0.248025 6557.77 0.0338723 1813.89 0.129265 23514.2 0.463218 0.030946 41976.2 42838.1 3.07901 25903.7"
91,7,1.8,octopus,9p z4,9,4,6,2500,39,3.339409e-04,0.9077,5.164e+09,"",0.50139106,"-762.152 -33.2472 -151.078 -2.57592","-4822.91 -5055.97 -4883.2 -358.37 -94.6276 -2.35964 -29.4599 -357.815 -4711.38","2.20887e-06 2.01743 0.179306 0.372007 0.027603 971.995 1772.87 1845.48 44.5264 0.208274 0.0258604 0.144937 44.3135 736.223"
91,9,2,octopus,9p z4,9,4,6,2500,38,3.236632e-04,0.8977,6.010e+09,"",0.50132831,"-36.1018 -839.501 -164.497 -2.72418","-4859.35 -4772.41 -5008.02 -100.807 -391.492 -31.6478 -389.984 -5497.86 -2.49654","2.17002e-06 0.225663 8.19288 1.02037 0.0288873 996.004 2312.97 1985.75 0.384925 528.728 0.173976 525.468 1575.8 0.0270191"
91,11,3,octopus,9p z4,9,4,6,2500,38,3.807005e-04,1.0800,3.582e+09,"",0.50118166,"-1414.51 -42.7644 -3.31057 -186.535","-5604.35 -6357.37 -777.424 -373.243 -113.989 -6249.62 -3.0457 -5608.99 -36.7166","2.74383e-06 22.9126 0.316941 0.0395728 1.17635 1844.73 384.767 10.0323 2.74568 0.52328 1570.67 0.0368721 798.738 0.232872"
91,13,4,octopus,9p z4,9,4,6,2500,39,3.120110e-04,0.7871,4.194e+09,"",0.50108129,"-206.157 -1967.41 -47.022 -3.32706","-6301.5 -39.6468 -6716.64 -124.384 -6979.58 -6727.19 -3.05872 -1026.22 -417.768","1.60135e-06 0.927736 30.0936 0.257732 0.0340955 184.451 0.182819 1651.25 0.434273 271.444 1308.08 0.0318437 9.2258 1.86963"
91,15,5,octopus,9p z4,9,4,6,2500,38,1.480318e-03,0.8679,4.568e+09,"pole1=-3.142e+04; pole2=-3.141e+04; pole3=-3.141e+04",0.50102184,"-257.468 -84.2565 -22.6854 -1.79683","-31415.7 -31412.7 -31412.5 -21.1051 -471.433 -1392.6 -66.9244 -163.727 -1.64856","1.39583e-06 2.77478 1.31845 0.32024 0.0561176 1577.08 1707.44 2108.39 0.276526 2.97691 7.92284 0.816603 1.88549 0.0534805"
91,17,6,octopus,9p z4,9,4,6,2500,37,1.128666e-03,0.7652,8.566e+10,"pole1=-3.139e+04",0.50097598,"-97.5985 -303.063 -25.0472 -1.78013","-31390.4 -190.728 -74.1011 -31351.6 -540.297 -23.1302 -31337.2 -1.62071 -1473.75","1.59359e-06 1.8339 4.11692 0.692326 0.0867659 31398 2.70165 1.13108 45996 4.62197 0.596859 2627 0.0820148 11.1753"
91,19,8,octopus,9p z4,9,4,6,2500,38,5.720198e-04,0.6214,2.403e+11,"",0.50089274,"-112.548 -348.512 -30.2384 -2.31115","-26833 -27143.1 -218.339 -615.843 -26805.2 -82.4873 -27.5538 -1676.67 -2.11153","1.07665e-06 1.83689 4.42702 0.667772 0.0658957 8993.85 90438.1 2.89065 4.78501 74970.1 1.09457 0.550237 10.0834 0.0617735"
91,21,10,octopus,9p z4,9,4,6,2500,37,3.700115e-04,0.6784,6.237e+12,"",0.50084280,"-125.737 -395.303 -31.9663 -1.93566","-19724 -679.897 -22731.8 -28.781 -1826.89 -246.764 -88.6012 -26045.5 -1.75327","0.000117551 1.67537 5.30581 0.636637 0.0756142 847928 7.06093 2.60993e+06 0.516889 18.9726 2.96875 0.970079 1.98429e+06 0.0713572"
91,23,20,octopus,9p z4,9,4,6,2500,37,3.672309e-04,0.5975,7.481e+12,"",0.50070573,"-35.0507 -441.965 -139.332 -2.4045","-765.682 -274.687 -31328.1 -92.4833 -2357.52 -31257.9 -30984.8 -31.4803 -2.17799","1.21726e-06 0.90484 7.57054 2.2977 0.0837598 7.88803 4.59026 1.41027e+06 1.22213 19.8095 1.93388e+06 3.25037e+06 0.722096 0.0782129"
91,25,26,octopus,9p z4,9,4,6,2500,38,4.334806e-04,0.5897,3.202e+10,"",0.50067653,"-36.1583 -442.969 -144.022 -2.18734","-31380.2 -31377.7 -2606.86 -772.764 -277.545 -32.4792 -93.3461 -31356.2 -1.96432","1.07263e-06 0.942206 7.52729 2.39642 0.0782934 7546.48 14688 20.2306 7.37282 4.84724 0.746335 1.21606 3406.33 0.0731783"
91,27,30,octopus,9p z4,9,4,6,2500,38,1.513162e-03,1.2402,1.762e+12,"",0.50063353,"-14516.1 -201.398 -14508.8 -18.8011","-28186.2 -27872.9 -20855.2 -534.348 -27704.7 -5177.8 -103.034 -5178.17 -16.5119","4.82672e-05 306349 0.697532 264204 0.19667 1.69989e+06 1.0116e+06 769341 1.3935 603839 315279 0.258353 315570 0.166872"
91,29,40,octopus,9p z4,9,4,6,2500,38,1.018696e-03,0.7239,1.236e+10,"pole1=-3.141e+04; pole2=-3.141e+04",0.50062641,"-154.602 -41.1955 -434.093 -2.23763","-31413.8 -31412.7 -97.2967 -36.8274 -31379.1 -274.139 -3019.82 -779.076 -1.9825","7.08918e-07 2.65221 1.0863 5.83379 0.0712618 1360.41 2575.79 1.29171 0.833074 4131.27 4.68964 11.8472 4.59955 0.0663235"
34,1,0.6,octopus,9p z4,9,4,6,2500,37,2.120826e-04,0.8388,2.591e+11,"pole1=-3.142e+04",0.50323010,"-83.3322 -360.614 -22.4826 -3.07515","-31415.9 -12899.1 -19.1327 -49.0361 -1453.05 -116.492 -904.415 -294.709 -2.79409","1.48247e-06 1.27732 11.712 0.306454 0.0460471 118637 12515.1 0.217013 0.409196 54.0427 1.61236 25.4734 8.5931 0.0412718"
34,3,1,octopus,9p z4,9,4,6,2500,36,1.583439e-04,0.7627,4.396e+10,"",0.50281086,"-80.554 -21.6487 -624.189 -3.15342","-31375.1 -7607.57 -1355.91 -471.271 -49.8154 -126.5 -18.6535 -2.89401 -1355.48","1.29094e-06 0.419948 0.20145 9.52499 0.0404608 17614.9 790.726 248.818 4.75699 0.215253 0.416844 0.153476 0.0365917 255.198"
34,5,1.4,octopus,9p z4,9,4,6,2500,36,1.815080e-04,0.8611,7.966e+10,"",0.50246628,"-799.269 -87.1615 -23.2247 -3.06325","-1535.55 -1537.7 -25052.3 -7271.5 -53.6111 -582.24 -19.8588 -148.412 -2.80564","1.43191e-06 20.3429 0.369 0.182161 0.0355353 2548.49 2544.45 35602.6 1947.02 0.202236 7.78011 0.136011 0.400784 0.0322863"
34,7,1.8,octopus,9p z4,9,4,6,2500,39,1.743703e-04,0.8858,2.210e+10,"",0.50220879,"-95.5989 -940.289 -26.2677 -3.65388","-31028 -7080.32 -171.302 -678.124 -1676.99 -22.1529 -1676.82 -3.34884 -58.5963","1.34023e-06 0.347626 24.9065 0.180996 0.0317156 9034.69 521.504 0.385499 8.86201 146.653 0.12967 151.445 0.0285336 0.207615"
34,9,2,octopus,9p z4,9,4,6,2500,38,3.772773e-04,0.8632,1.087e+10,"",0.50211673,"-39.7148 -11.6739 -105.199 -1.34114","-5686.26 -5287.85 -182.704 -32.5645 -68.3867 -5298.54 -10.7586 -860.138 -1.23428","1.08729e-06 1.39639 0.848304 0.894125 0.297035 4164.63 2524.95 0.500701 1.03077 1.01283 1775.32 0.766754 1.78226 0.280529"
34,11,3,octopus,9p z4,9,4,6,2500,38,2.756466e-04,0.7825,1.397e+10,"",0.50174483,"-141.943 -54.9585 -15.7615 -2.10627","-20109.7 -4509.9 -244.604 -41.311 -95.0194 -1039.91 -14.3482 -4510.35 -1.93696","9.16202e-07 1.29157 1.00036 0.470581 0.0998395 5166.08 320.66 0.791897 0.609105 1.23033 2.72311 0.4039 321.959 0.0923831"
34,13,4,octopus,9p z4,9,4,6,2500,39,2.402706e-04,0.7527,1.500e+10,"",0.50151931,"-62.9449 -16.5248 -174.934 -2.28659","-22673.2 -4896.94 -301.506 -4897.46 -116.193 -14.9719 -1181.16 -45.1346 -2.11078","2.19515e-06 0.616222 0.311181 1.36382 0.0798722 6402.11 1291.06 1.08555 1157.23 1.02747 0.269721 4.52023 0.352835 0.0739896"
34,15,5,octopus,9p z4,9,4,6,2500,38,2.175561e-04,0.9348,1.260e+11,"",0.50135355,"-4602.86 -148.625 -41.7427 -4.93772","-16117.3 -1890.65 -15284.6 -91.6611 -31.978 -7397.9 -1891.87 -304.933 -4.48917","7.60244e-06 1931.5 0.493899 0.18396 0.0290229 63484.6 1906.18 47976.4 0.321141 0.106082 8570.38 1927.89 0.593099 0.0257961"
34,17,6,octopus,9p z4,9,4,6,2500,37,2.335212e-04,0.7083,2.648e+11,"pole5=-3.142e+04",0.50126822,"-19.9814 -223.323 -75.5422 -2.46996","-3605.44 -15990.5 -385.161 -52.0419 -31415.9 -17.8085 -147.967 -1481.86 -2.2679","1.71745e-06 0.339243 2.09272 0.703122 0.0686242 210.725 25464.8 1.95403 0.407407 125378 0.279215 1.38903 15.583 0.0633039"
34,19,8,octopus,9p z4,9,4,6,2500,38,2.102279e-04,0.7890,8.953e+09,"pole2=-3.142e+04; pole3=-3.142e+04",0.50112216,"-81.4117 -255.191 -21.4116 -2.95929","-1664.82 -31415.9 -31415.9 -167.442 -55.0992 -2.72031 -3996.44 -19.0597 -447.676","1.50533e-06 0.670049 2.27403 0.355038 0.0671508 14.0905 4177.46 3370.77 1.42762 0.399269 0.0613613 105.124 0.29151 2.24823"
34,21,10,octopus,9p z4,9,4,6,2500,37,2.515039e-04,0.7518,3.514e+09,"pole3=-3.142e+04; pole6=-3.142e+04",0.50102213,"-278.117 -22.4519 -86.0394 -2.94278","-495.424 -4521.81 -31415.9 -57.5401 -1804.84 -31415.9 -181.908 -19.9296 -2.69058","1.55771e-06 2.33834 0.127626 0.49629 0.0349922 2.57598 132.897 811.263 0.252598 17.087 1723.48 1.34332 0.098551 0.0324021"
34,23,20,octopus,9p z4,9,4,6,2500,36,4.585358e-04,0.7125,1.215e+13,"",0.50081223,"-104.345 -364.67 -2.87305 -25.3728","-29492.5 -2099.93 -8420.49 -66.457 -22.2452 -237.416 -668.745 -28781.6 -2.59604","0.000145486 0.799304 4.06037 0.0724125 0.442462 808776 26.0842 1675.18 0.476173 0.354031 2.21541 5.19824 794649 0.0657781"
34,25,26,octopus,9p z4,9,4,6,2500,38,5.800062e-04,0.8915,4.144e+11,"",0.50075785,"-6095.08 -72.0816 -260.236 -6.49157","-26977 -3328.52 -48.3591 -25965.7 -605.733 -26292.1 -164.054 -3327.79 -5.7561","3.54061e-06 794.197 0.346433 1.40929 0.0447367 131103 17867.7 0.153971 86332.5 1.98229 231258 0.929575 17864.5 0.0389705"
34,27,30,octopus,9p z4,9,4,6,2500,38,4.689432e-04,0.7884,2.684e+10,"",0.50073501,"-134.023 -476.652 -4.4238 -39.3616","-3.94956 -31344 -32.8889 -31370.5 -31326.5 -841.389 -309.969 -2117.92 -84.128","1.66677e-06 1.44292 8.17121 0.0599782 0.712755 0.0526855 7266.86 0.470169 10709.4 15001.1 10.5698 4.15333 23.0104 0.956592"
34,29,40,octopus,9p z4,9,4,6,2500,38,8.749571e-04,0.7729,2.207e+10,"pole3=-3.141e+04; pole5=-3.142e+04; pole7=-3.141e+04",0.50066046,"-135.316 -3.65832 -465.04 -34.0754","-3.24534 -29.1555 -31413.1 -2375.54 -31415.8 -861.259 -31406.3 -81.9056 -310.191","1.8713e-06 1.1419 0.059537 6.84402 0.568577 0.0527148 0.418393 16060.6 24.3481 3617.04 8.71518 9565.51 0.667337 3.7834"
